Ranking;RazaoSocial;UF;TotalDespesas;MediaDespesas;MediaPorTrimestre;DesvioPadrao;CoeficienteVariacao;NumeroTrimestres;AltaVariabilidade
1;BRADESCO SAÚDE S.A.;NÃO_INFORMADO;275086229759.03;91695409919.68;91695409919.68;38374258557.75;41.85;3;False
2;SUL AMERICA COMPANHIA DE SEGURO SAÚDE;NÃO_INFORMADO;224308534127.14;74769511375.71;74769511375.71;34022400676.62;45.5;3;False
3;AMIL ASSISTÊNCIA MÉDICA INTERNACIONAL S.A.;NÃO_INFORMADO;195099020481.89;65033006827.3;65033006827.3;29586625638.8;45.49;3;False
4;HAPVIDA ASSISTENCIA MEDICA S.A.;NÃO_INFORMADO;86902748974.44;28967582991.48;28967582991.48;14166064966.79;48.9;3;False
5;NOTRE DAME INTERMÉDICA SAÚDE S.A.;NÃO_INFORMADO;85313128391.6;28437709463.87;28437709463.87;14847012545.88;52.21;3;True
6;UNIMED NACIONAL - COOPERATIVA CENTRAL;NÃO_INFORMADO;56543424571.28;18847808190.43;18847808190.43;8403916462.45;44.59;3;False
7;CAIXA DE ASSISTÊNCIA DOS FUNCIONÁRIOS DO BANCO DO BRASIL;NÃO_INFORMADO;56171250231.78;18723750077.26;18723750077.26;8660072551.68;46.25;3;False
8;PORTO SEGURO - SEGURO SAÚDE S/A;NÃO_INFORMADO;50360830855.59;16786943618.53;16786943618.53;8384193500.15;49.94;3;False
9;GEAP AUTOGESTÃO EM SAÚDE;NÃO_INFORMADO;44240493819.91;14746831273.3;14746831273.3;6675192786.33;45.27;3;False
10;UNIMED DE CIANORTE - COOPERATIVA DE TRABALHO MEDICO;NÃO_INFORMADO;43114415714.58;14371471904.86;14371471904.86;63690369.36;0.44;3;False
11;UNIMED BELO HORIZONTE COOPERATIVA DE TRABALHO MÉDICO;NÃO_INFORMADO;40117826585.88;13372608861.96;13372608861.96;6493123738.65;48.56;3;False
12;UNIMED SEGUROS SAÚDE S/A;NÃO_INFORMADO;36841886617.87;12280628872.62;12280628872.62;5828806540.46;47.46;3;False
13;PREVENT SENIOR PRIVATE OPERADORA DE SAÚDE LTDA;NÃO_INFORMADO;36368096815.59;12122698938.53;12122698938.53;6099813812.71;50.32;3;True
14;UNIMED DO EST. DO RJ FEDERAÇÃO EST. DAS COOPERATIVAS MÉDICAS;NÃO_INFORMADO;34257855394.12;11419285131.37;11419285131.37;4854449938.29;42.51;3;False
15;UNIMED PORTO ALEGRE - COOPERATIVA MÉDICA LTDA.;NÃO_INFORMADO;31486423682.06;10495474560.69;10495474560.69;5189505239.47;49.45;3;False
16;UNIMED CURITIBA - SOCIEDADE COOPERATIVA DE MÉDICOS;NÃO_INFORMADO;24288078444.03;8096026148.01;8096026148.01;3907768016.74;48.27;3;False
17;UNIMED CAMPINAS - COOPERATIVA DE TRABALHO MÉDICO;NÃO_INFORMADO;21370481677.75;7123493892.58;7123493892.58;3522499500.62;49.45;3;False
18;OMINT SERVIÇOS DE SAÚDE S.A.;NÃO_INFORMADO;19477815211.23;6492605070.41;6492605070.41;3283912946.48;50.58;3;True
19;UNIMED GOIANIA COOPERATIVA DE TRABALHO MÉDICO;NÃO_INFORMADO;18306393794.48;6102131264.83;6102131264.83;2762328743.4;45.27;3;False
20;UNIMED DE FORTALEZA SOCIEDADE COOPERATIVA MÉDICA LTDA.;NÃO_INFORMADO;18045414623.73;6015138207.91;6015138207.91;2930758313.2;48.72;3;False
21;GRUPO HOSPITALAR DO RIO DE JANEIRO LTDA;NÃO_INFORMADO;17691907858.47;5897302619.49;5897302619.49;2714804676.83;46.03;3;False
22;SERV  SOCIAL AUTÔNOMO DE ASSIST À SAÚDE DOS SERV PÚBLICOS E MILITARES DE GOIÁS;NÃO_INFORMADO;16534785301.84;8267392650.92;8267392650.92;2092987685.0;25.32;2;False
23;FUNDAÇÃO SAÚDE ITAÚ;NÃO_INFORMADO;15964374319.09;5321458106.36;5321458106.36;2461440196.19;46.25;3;False
24;UNIMED FRANCISCO BELTRAO COOPERATIVA DE TRABALHO MEDICO;NÃO_INFORMADO;15848963103.35;5282987701.12;5282987701.12;2783198619.89;52.68;3;True
25;CARE PLUS MEDICINA ASSISTENCIAL LTDA.;NÃO_INFORMADO;14627357664.69;4875785888.23;4875785888.23;2351039738.73;48.22;3;False
26;UNIMED VITORIA COOPERATIVA DE TRABALHO MEDICO;NÃO_INFORMADO;13632856669.78;4544285556.59;4544285556.59;2164451298.94;47.63;3;False
27;FUNDAÇÃO CESP;NÃO_INFORMADO;13197855995.09;4399285331.7;4399285331.7;2123187162.34;48.26;3;False
28;UNIMED RECIFE COOPERATIVA DE TRABALHO MÉDICO;NÃO_INFORMADO;12627008422.29;4209002807.43;4209002807.43;1995537293.92;47.41;3;False
29;FUNDAÇÃO ASSISTENCIAL DOS SERVIDORES DO MINISTÉRIO DA FAZENDA;NÃO_INFORMADO;11697210081.09;3899070027.03;3899070027.03;1601000832.82;41.06;3;False
30;BRADESCO SAÚDE - OPERADORA DE PLANOS  S/A;NÃO_INFORMADO;11283041223.34;3761013741.11;3761013741.11;1668274685.61;44.36;3;False
31;UNIMED BELÉM COOPERATIVA DE TRABALHO MÉDICO;NÃO_INFORMADO;10696377974.19;3565459324.73;3565459324.73;1602625302.14;44.95;3;False
32;SAMEDIL SERVIÇOS DE ATENDIMENTO MÉDICO S/A;NÃO_INFORMADO;10294515487.36;3431505162.45;3431505162.45;1778584464.32;51.83;3;True
33;SUL AMÉRICA PARANÁ CLÍNICAS SERVIÇOS DE SAÚDE S.A.;NÃO_INFORMADO;10001197902.7;3333732634.23;3333732634.23;1454112383.16;43.62;3;False
34;UNIMED DO ESTADO DE SÃO PAULO - FEDERAÇÃO ESTADUAL DAS COOP. MÉDICAS;NÃO_INFORMADO;9942771164.23;3314257054.74;3314257054.74;1506090197.11;45.44;3;False
35;UNIMED CUIABA COOPERATIVA DE TRABALHO MÉDICO;NÃO_INFORMADO;9751984806.72;3250661602.24;3250661602.24;1444293228.04;44.43;3;False
36;UNIMED GRANDE FLORIANÓPOLIS-COOPERATIVA DE TRABALHO MEDICO;NÃO_INFORMADO;9706856325.24;3235618775.08;3235618775.08;1558430379.54;48.16;3;False
37;ASSOCIAÇÃO PETROBRAS DE SAÚDE - APS;NÃO_INFORMADO;9370918150.72;3123639383.57;3123639383.57;1474091037.3;47.19;3;False
38;UNIMED SAO JOSÉ DO RIO PRETO - COOP. DE TRABALHO MÉDICO;NÃO_INFORMADO;9232677995.98;3077559331.99;3077559331.99;1522785061.63;49.48;3;False
39;CAIXA BENEFICENTE DOS FUNCIONARIOS DO BANCO DO ESTADO DE SÃO PAULO;NÃO_INFORMADO;8812358877.23;2937452959.08;2937452959.08;1540757250.64;52.45;3;True
40;HUMANA SAÚDE NORDESTE LTDA.;NÃO_INFORMADO;8271148462.55;2757049487.52;2757049487.52;1321569132.82;47.93;3;False
41;UNIMED NATAL SOC. COOP. DE TRAB. MÉDICO;NÃO_INFORMADO;7983727398.38;2661242466.13;2661242466.13;1245040820.29;46.78;3;False
42;NOTRE DAME INTERMÉDICA MINAS GERAIS SAÚDE S.A.;NÃO_INFORMADO;7834227226.52;2611409075.51;2611409075.51;1236716110.95;47.36;3;False
43;UNIMED-SÃO GONÇALO - NITERÓI - SOC.COOP.SERV.MED E HOSP LTDA;NÃO_INFORMADO;7312179943.18;2437393314.39;2437393314.39;1026314136.44;42.11;3;False
44;UNIMED DE LONDRINA COOPERATIVA DE TRABALHO MÉDICO;NÃO_INFORMADO;7271851887.96;2423950629.32;2423950629.32;1156137248.75;47.7;3;False
45;UNIMED SOROCABA COOPERATIVA DE TRABALHO MÉDICO;NÃO_INFORMADO;7000910067.12;2333636689.04;2333636689.04;1213710885.66;52.01;3;True
46;UNIMED MACEIO COOPERATIVA DE TRABALHO MÉDICO;NÃO_INFORMADO;6953547735.82;2317849245.27;2317849245.27;1053430362.37;45.45;3;False
47;UNIMED SERRA GAUCHA/RS COOPERATIVA DE ASSISTENCIA A SAUDE LTDA;NÃO_INFORMADO;6943145239.74;2314381746.58;2314381746.58;1157242776.26;50.0;3;True
48;UNIMED JOAO PESSOA - COOPERATIVA DE TRABALHO MÉDICO;NÃO_INFORMADO;6815326626.45;2271775542.15;2271775542.15;1116466685.1;49.15;3;False
49;UNIMED CAMPO GRANDE MS COOPERATIVA DE TRABALHO MÉDICO;NÃO_INFORMADO;6348395403.11;2116131801.04;2116131801.04;991477729.81;46.85;3;False
50;SAMP ESPIRITO SANTO ASSISTENCIA MEDICA SA;NÃO_INFORMADO;6290683438.0;2096894479.33;2096894479.33;991172434.01;47.27;3;False
51;CAIXA DE ASSISTENCIA DOS SERVIDORES DO ESTADO DE MATO GROSSO DO SUL;NÃO_INFORMADO;6155036690.17;2051678896.72;2051678896.72;945294396.62;46.07;3;False
52;FUNDAÇÃO SÃO FRANCISCO XAVIER;NÃO_INFORMADO;6052045420.16;2017348473.39;2017348473.39;970022196.83;48.08;3;False
53;UNIMED DE SANTOS COOP DE TRAB MEDICO;NÃO_INFORMADO;5990488952.67;1996829650.89;1996829650.89;973533768.95;48.75;3;False
54;UNIMED REGIONAL MARINGÁ COOP.DE TRABALHO MÉDICO;NÃO_INFORMADO;5917335050.93;1972445016.98;1972445016.98;956033224.09;48.47;3;False
55;UNIMED DE RIBEIRAO PRETO - COOPERATIVA DE TRABALHO MÉDICO;NÃO_INFORMADO;5827932931.13;1942644310.38;1942644310.38;968301835.15;49.84;3;False
56;POSTAL SAÚDE CAIXA DE ASSISTÊNCIA E SAÚDE DOS EMPREGADOS DOS CORREIOS;NÃO_INFORMADO;5654698731.74;1884899577.25;1884899577.25;737404985.06;39.12;3;False
57;UNIMED UBERLÂNDIA COOPERATIVA REGIONAL TRABALHO MÉDICO LTDA;NÃO_INFORMADO;5564599948.42;1854866649.47;1854866649.47;818821232.34;44.14;3;False
58;CLINIPAM CLINICA PARANAENSE DE ASSISTENCIA MEDICA LTDA;NÃO_INFORMADO;5312910107.98;1770970035.99;1770970035.99;1069965632.84;60.42;3;True
59;SANTA HELENA ASSISTÊNCIA MÉDICA S/A.;NÃO_INFORMADO;5309786893.6;1769928964.53;1769928964.53;852057256.2;48.14;3;False
60;UNIMED BLUMENAU - COOPERATIVA DE TRABALHO MEDICO;NÃO_INFORMADO;5172819079.15;1724273026.38;1724273026.38;857637443.53;49.74;3;False
61;CENTRO TRASMONTANO DE SAO PAULO;NÃO_INFORMADO;5101186710.54;1700395570.18;1700395570.18;836961289.57;49.22;3;False
62;UNIMED DO ESTADO DO PARANÁ FEDERAÇÃO ESTADUAL DAS COOPERATIVAS MÉDICAS;NÃO_INFORMADO;5048722063.39;1682907354.46;1682907354.46;825996579.45;49.08;3;False
63;ODONTOPREV S/A;NÃO_INFORMADO;5016025649.28;1672008549.76;1672008549.76;817497280.42;48.89;3;False
64;NÃO_INFORMADO;NÃO_INFORMADO;4943792291.04;1647930763.68;1647930763.68;150037338.09;9.1;3;False
65;UNIMED DO ESTADO DE SANTA CATARINA FED. EST. DAS COOP. MÉD.;NÃO_INFORMADO;4919098728.1;1639699576.03;1639699576.03;791873019.65;48.29;3;False
66;UNIMED DIVINOPOLIS - COOPERATIVA DE TRABALHO MEDICO LTDA;NÃO_INFORMADO;4703295119.97;1567765039.99;1567765039.99;739155528.13;47.15;3;False
67;SINDIFISCO NACIONAL - SINDICATO NACIONAL DOS AUDITORES-FISCAIS DA RECEITA FEDERAL DO BRASIL;NÃO_INFORMADO;4666083790.23;1555361263.41;1555361263.41;698272068.91;44.89;3;False
68;UNIMED SAO JOSE DOS CAMPOS - COOPERATIVA DE TRABALHO MEDICO;NÃO_INFORMADO;4611286298.86;1537095432.95;1537095432.95;731113632.22;47.56;3;False
69;ASSOCIAÇÃO DE BENEFICÊNCIA E FILANTROPIA SÃO CRISTOVÃO;NÃO_INFORMADO;4439888274.86;1479962758.29;1479962758.29;696952679.4;47.09;3;False
70;PASA - PLANO DE ASSISTENCIA A SAUDE DO APOSENTADO DA VALE;NÃO_INFORMADO;4402767508.14;1467589169.38;1467589169.38;650716981.71;44.34;3;False
71;UNIMED DE PIRACICABA SOCIEDADE COOPERATIVA DE SERVIÇOS MÉDICOS;NÃO_INFORMADO;4342367002.64;1447455667.55;1447455667.55;720721610.46;49.79;3;False
72;UNIMED DE JOINVILLE COOPERATIVA DE TRABALHO MÉDICO;NÃO_INFORMADO;4301319693.75;1433773231.25;1433773231.25;712454049.53;49.69;3;False
73;UNIMED - COOPERATIVA DE SERVIÇOS DE SAÚDE DOS VALES DO TAQUARI E RIO PARDO LTDA.;NÃO_INFORMADO;4231905216.39;1410635072.13;1410635072.13;686809385.68;48.69;3;False
74;CEMIG SAÚDE;NÃO_INFORMADO;4166672516.88;1388890838.96;1388890838.96;586480276.39;42.23;3;False
75;UNIMED LITORAL COOPERATIVA DE TRABALHO MÉDICO LTDA;NÃO_INFORMADO;4138781107.43;1379593702.48;1379593702.48;695282229.61;50.4;3;True
76;UNIMED DE BAURU COOPERATIVA DE TRABALHO MÉDICO;NÃO_INFORMADO;4064336559.84;1354778853.28;1354778853.28;651579248.46;48.09;3;False
77;CAIXA DE ASSISTÊNCIA DOS FUNCIONÁRIOS DO BANCO DO NORDESTE DO BRASIL;NÃO_INFORMADO;4010191311.53;1336730437.18;1336730437.18;640921609.28;47.95;3;False
78;UNIMED JUIZ DE FORA COOPERATIVA DE TRABALHO MÉDICO LTDA;NÃO_INFORMADO;3987479414.44;1329159804.81;1329159804.81;642398792.25;48.33;3;False
79;UNIMED SERGIPE - COOPERATIVA DE TRABALHO MÉDICO;NÃO_INFORMADO;3964915069.94;1321638356.65;1321638356.65;577401675.02;43.69;3;False
80;UNIMED DE CASCAVEL COOPERATIVA DE TRABALHO MÉDICO;NÃO_INFORMADO;3951505140.55;1317168380.18;1317168380.18;610528747.45;46.35;3;False
81;UNIMED TERESINA - COOPERATIVA DE TRABALHO MÉDICO;NÃO_INFORMADO;3785237825.12;1261745941.71;1261745941.71;609796444.72;48.33;3;False
82;INSTITUTO CURITIBA DE SAÚDE;NÃO_INFORMADO;3687733294.09;1229244431.36;1229244431.36;592032366.7;48.16;3;False
83;HUMANA SAÚDE LTDA.;NÃO_INFORMADO;3432918212.58;1144306070.86;1144306070.86;475396310.28;41.54;3;False
84;UNIMED SÃO CARLOS - COOPERATIVA DE TRABALHO MÉDICO;NÃO_INFORMADO;3379335998.31;1126445332.77;1126445332.77;557287947.75;49.47;3;False
85;CENTRO CLÍNICO GAÚCHO LTDA;NÃO_INFORMADO;3350651491.19;1116883830.4;1116883830.4;543385461.39;48.65;3;False
86;UNIMED DE PRESIDENTE PRUDENTE COOPERATIVA DE TRAB. MÉDICO;NÃO_INFORMADO;3257680642.97;1085893547.66;1085893547.66;555133312.59;51.12;3;True
87;UNIMED DE MACAÉ COOPERATIVA DE ASSISTÊNCIA À SAÚDE;NÃO_INFORMADO;3213639722.73;1071213240.91;1071213240.91;553792093.8;51.7;3;True
88;ASSOCIAÇÃO SANTA CASA SAÚDE DE SÃO JOSÉ DOS CAMPOS;NÃO_INFORMADO;3161519476.81;1053839825.6;1053839825.6;530964833.2;50.38;3;True
89;UNIMED CARUARU-COOPERATIVA DE TRABALHO MEDICO;NÃO_INFORMADO;3116887110.34;1038962370.11;1038962370.11;512919481.64;49.37;3;False
90;PLANO HOSPITAL SAMARITANO LTDA;NÃO_INFORMADO;3088265601.42;1029421867.14;1029421867.14;494690001.05;48.06;3;False
91;METRUS INSTITUTO DE SEGURIDADE SOCIAL;NÃO_INFORMADO;3071097668.9;1023699222.97;1023699222.97;399242825.39;39.0;3;False
92;UNIMED NORTE DO MATO GROSSO COOPERATIVA DE TRABALHO MÉDICO;NÃO_INFORMADO;3059253568.18;1019751189.39;1019751189.39;492439881.89;48.29;3;False
93;SOBAM CENTRO MÉDICO HOSPITALAR S.A.;NÃO_INFORMADO;3009436215.06;1003145405.02;1003145405.02;473425717.47;47.19;3;False
94;UNIMED DE VOLTA REDONDA COOPERATIVA DE TRABALHO MÉDICO;NÃO_INFORMADO;2989927259.5;996642419.83;996642419.83;483460804.7;48.51;3;False
95;MEDISERVICE OPERADORA DE PLANOS DE SAÚDE S.A.;NÃO_INFORMADO;2962092458.52;987364152.84;987364152.84;454840260.76;46.07;3;False
96;UNIMED VALE DO SINOS - COOPERATIVA DE ASSISTÊNCIA À SAÚDE LTDA;NÃO_INFORMADO;2956105530.84;985368510.28;985368510.28;506175693.69;51.37;3;True
97;UNIMED JUNDIAI - COOPERATIVA DE TRABALHO MÉDICO;NÃO_INFORMADO;2939937075.94;979979025.31;979979025.31;502622833.15;51.29;3;True
98;QUALLITY PRÓ SAÚDE PLANO DE ASSISTÊNCIA MÉDICA LTDA.;NÃO_INFORMADO;2851857341.25;950619113.75;950619113.75;429972686.27;45.23;3;False
99;ALICE OPERADORA LTDA.;NÃO_INFORMADO;2849127143.69;949709047.9;949709047.9;554546371.91;58.39;3;True
100;FUNDAÇÃO COPEL DE PREVIDÊNCIA E ASSISTÊNCIA SOCIAL;NÃO_INFORMADO;2840999974.57;946999991.52;946999991.52;444911273.37;46.98;3;False
101;UNIMED NOVA FRIBURGO-SOC.COOP.SERV.MED.HOSP.LTDA.;NÃO_INFORMADO;2796388107.58;932129369.19;932129369.19;435130718.94;46.68;3;False
102;LEVE SAUDE OPERADORA DE PLANOS DE SAUDE S.A;NÃO_INFORMADO;2790964249.72;930321416.57;930321416.57;525069038.81;56.44;3;True
103;DOCTOR CLIN OPERADORA DE PLANOS DE SAÚDE LTDA.;NÃO_INFORMADO;2787013405.65;929004468.55;929004468.55;485772396.32;52.29;3;True
104;UNIMED SUL CAPIXABA COOPERATIVA DE TRABALHO MÉDICO;NÃO_INFORMADO;2784077137.8;928025712.6;928025712.6;455388118.51;49.07;3;False
105;UNIMED UBERABA COOPERATIVA DE TRABALHO MEDICO LTDA.;NÃO_INFORMADO;2772348682.69;924116227.56;924116227.56;438490988.49;47.45;3;False
106;REAL GRANDEZA - FUNDAÇÃO DE PREVIDÊNCIA E ASSISTÊNCIA SOCIAL;NÃO_INFORMADO;2762701624.17;920900541.39;920900541.39;450818806.03;48.95;3;False
107;UNIMED DE SANTA BÁRBARA D'OESTE E AMERICANA - COOP DE TRABALHO MÉDICO;NÃO_INFORMADO;2725434996.82;908478332.27;908478332.27;451575077.67;49.71;3;False
108;CAIXA DE PREVIDÊNCIA E ASSISTÊNCIA DOS SERVIDORES DA FUNDAÇÃO NACIONAL DE SAÚDE - CAPESESP;NÃO_INFORMADO;2716771940.27;905590646.76;905590646.76;395362781.83;43.66;3;False
109;FUNDAÇÃO CHESF DE ASSISTÊNCIA E SEGURIDADE SOCIAL;NÃO_INFORMADO;2696402822.66;898800940.89;898800940.89;498937534.62;55.51;3;True
110;COOPERATIVA CENTRAL UNIMED DE COOPERATIVAS DE ASSISTÊNCIA À SAÚDE DO RIO GRANDE DO SUL LTDA.;NÃO_INFORMADO;2694605333.7;898201777.9;898201777.9;427025978.41;47.54;3;False
111;UNIMED NOVA IGUACU COOPERATIVA DE TRABALHO MEDICO;NÃO_INFORMADO;2669701723.35;889900574.45;889900574.45;384709243.27;43.23;3;False
112;ASSOCIAÇÃO SANTA SAÚDE;NÃO_INFORMADO;2623284073.71;874428024.57;874428024.57;404894046.4;46.3;3;False
113;UNIMED DE MARILIA COOPERATIVA DE TRABALHO MÉDICO;NÃO_INFORMADO;2613377813.4;871125937.8;871125937.8;416099617.16;47.77;3;False
114;UNIMED PONTA GROSSA COOPERATIVA DE TRABALHO MEDICO;NÃO_INFORMADO;2596737035.76;865579011.92;865579011.92;405935047.38;46.9;3;False
115;UNIMED VALE DO SÃO FRANCISCO COOPERATIVA DE TRABALHO MÉDICO;NÃO_INFORMADO;2588722220.1;862907406.7;862907406.7;421930552.61;48.9;3;False
116;ITAUSEG SAÚDE S.A.;NÃO_INFORMADO;2421376306.77;807125435.59;807125435.59;386849352.19;47.93;3;False
117;SAMEL PLANO DE SAÚDE LTDA;NÃO_INFORMADO;2415768767.57;805256255.86;805256255.86;407122823.42;50.56;3;True
118;UNIMED REGIONAL DA BAIXA MOGIANA - COOPERATIVA DE TRABALHO MÉDICO;NÃO_INFORMADO;2412035095.87;804011698.62;804011698.62;386012976.88;48.01;3;False
119;ALVORECER - ASSOCIAÇÃO DE SOCORROS MÚTUOS;NÃO_INFORMADO;2405384896.86;801794965.62;801794965.62;382991480.4;47.77;3;False
120;UNIMED DE ARARAQUARA - COOP. DE TRAB. MÉDICO;NÃO_INFORMADO;2400814817.35;800271605.78;800271605.78;403363834.54;50.4;3;True
121;UNIMED FRANCA - SOCIEDADE COOPERATIVA DE SERVIÇOS MÉDICOS E HOSPITALARES;NÃO_INFORMADO;2367682900.02;789227633.34;789227633.34;394674479.7;50.01;3;True
122;H.B. SAÚDE S/A.;NÃO_INFORMADO;2282851265.39;760950421.8;760950421.8;335883284.54;44.14;3;False
123;CAIXA DE ASSISTÊNCIA DOS EMPREGADOS DO BANCO DO ESTADO DO RIO GRANDE DO SUL;NÃO_INFORMADO;2276621475.28;758873825.09;758873825.09;376471851.85;49.61;3;False
124;UNIMED DE CRICIÚMA COOPERATIVA DE TRABALHO MÉDICO DA REGIÃO CARBONÍFERA;NÃO_INFORMADO;2256275303.67;752091767.89;752091767.89;374837078.77;49.84;3;False
125;UNIMED GOVERNADOR VALADARES COOP. DE TRABALHO MÉDICO LTDA.;NÃO_INFORMADO;2187925995.21;729308665.07;729308665.07;346161034.61;47.46;3;False
126;ASSOCIACAO DOS AUDITORES FISCAIS DA RECEITA ESTADUAL DE SAO PAULO;NÃO_INFORMADO;2167874257.29;722624752.43;722624752.43;369611353.41;51.15;3;True
127;COOPERATIVA DE TRABALHO MÉDICO DE POUSO ALEGRE;NÃO_INFORMADO;2163351526.52;721117175.51;721117175.51;350971502.01;48.67;3;False
128;UNIMED CAMPINA GRANDE - COOPERATIVA DE TRABALHO MEDICO LTDA;NÃO_INFORMADO;2149649968.09;716549989.36;716549989.36;328905206.31;45.9;3;False
129;BENSAUDE PLANO DE ASSISTENCIA MEDICA HOSPITALAR LTDA.;NÃO_INFORMADO;2116324264.97;705441421.66;705441421.66;320254180.85;45.4;3;False
130;ASSOCIAÇÃO DE SAÚDE PORTUGUESA DE BENEFICÊNCIA;NÃO_INFORMADO;2107237437.14;702412479.05;702412479.05;355557404.85;50.62;3;True
131;UNIMED PORTO VELHO - SOCIEDADE COOPERATIVA MÉDICA LTDA;NÃO_INFORMADO;2102587725.52;700862575.17;700862575.17;339359389.99;48.42;3;False
132;UNIMED DO CEARÁ - FEDERAÇÃO DAS SOCIEDADES COOPERATIVAS MÉDICAS DO ESTADO DO CEARÁ LTDA.;NÃO_INFORMADO;2076210413.92;692070137.97;692070137.97;355316774.09;51.34;3;True
133;UNIMED SANTA MARIA/RS - COOPERATIVA DE ASSISTÊNCIA À SAÚDE LTDA;NÃO_INFORMADO;2060741356.85;686913785.62;686913785.62;316143787.96;46.02;3;False
134;UNIMED SALTO/ITU - COOPERATIVA MÉDICA;NÃO_INFORMADO;1977927543.76;659309181.25;659309181.25;314840956.98;47.75;3;False
135;UNIMED CHAPECÓ - COOPERATIVA DE TRABALHO MÉDICO DA REGIÃO OESTE CATARINENSE;NÃO_INFORMADO;1923585664.85;641195221.62;641195221.62;328657183.21;51.26;3;True
136;UNIMED PATOS DE MINAS COOPERATIVA TRABALHO MÉDICO LTDA.;NÃO_INFORMADO;1877346234.99;625782078.33;625782078.33;292310330.47;46.71;3;False
137;PLANO DE SAÚDE ANA COSTA LTDA.;NÃO_INFORMADO;1877077915.16;625692638.39;625692638.39;289839606.93;46.32;3;False
138;PROMÉDICA - PROTEÇÃO MEDICA A EMPRESAS S.A.;NÃO_INFORMADO;1858204778.36;619401592.79;619401592.79;290178823.83;46.85;3;False
139;UNIMED DE CAMPOS COOPERATIVA DE TRABALHO MÉDICO;NÃO_INFORMADO;1848265242.2;616088414.07;616088414.07;303700077.66;49.29;3;False
140;UNIMED RONDONOPOLIS COOPERATIVA DE TRABALHO MÉDICO LTDA;NÃO_INFORMADO;1836684814.35;612228271.45;612228271.45;284159888.78;46.41;3;False
141;CAIXA DE ASSISTÊNCIA À SAÚDE - CABERJ;NÃO_INFORMADO;1824154923.12;608051641.04;608051641.04;276957615.13;45.55;3;False
142;KLINI PLANOS DE SAÚDE LTDA;NÃO_INFORMADO;1815624742.7;605208247.57;605208247.57;326698591.54;53.98;3;True
143;PROASA SAÚDE;NÃO_INFORMADO;1785748677.12;595249559.04;595249559.04;317612627.43;53.36;3;True
144;CIRCULO OPERARIO CAXIENSE;NÃO_INFORMADO;1768988587.68;589662862.56;589662862.56;287444423.94;48.75;3;False
145;ASSOCIAÇÃO ASSISTENCIAL DE SAÚDE SUPLEMENTAR CRUZ AZUL SAÚDE;NÃO_INFORMADO;1754857643.45;584952547.82;584952547.82;181782224.33;31.08;3;False
146;UNIMED DE GUARULHOS COOPERATIVA DE TRABALHO MÉDICO;NÃO_INFORMADO;1729576548.43;576525516.14;576525516.14;290279118.88;50.35;3;True
147;UNIMED ANHANGUERA COOPERATIVA DE TRABALHO MÉDICO;NÃO_INFORMADO;1718387890.35;572795963.45;572795963.45;270564702.27;47.24;3;False
148;BIOVIDA SAÚDE LTDA.;NÃO_INFORMADO;1700416341.96;566805447.32;566805447.32;257984099.95;45.52;3;False
149;GAMA SAUDE LTDA.;NÃO_INFORMADO;1699035519.67;566345173.22;566345173.22;161217223.42;28.47;3;False
150;AUSTACLINICAS ASSISTÊNCIA MÉDICA E HOSPITALAR LTDA;NÃO_INFORMADO;1698743037.27;566247679.09;566247679.09;273424724.26;48.29;3;False
151;UNIMED DE MANAUS COOP. DO TRABALHO MÉDICO LTDA;NÃO_INFORMADO;1693588509.83;564529503.28;564529503.28;210514490.82;37.29;3;False
152;FUNDAÇÃO CELESC DE SEGURIDADE SOCIAL - CELOS;NÃO_INFORMADO;1689994165.05;563331388.35;563331388.35;282241787.6;50.1;3;True
153;ABERTTA SAÚDE - ASSOCIAÇÃO BENEFICENTE DOS EMPREGADOS DA ARCELORMITTAL NO BRASIL;NÃO_INFORMADO;1682949558.34;560983186.11;560983186.11;259622211.75;46.28;3;False
154;UNIMED DO SUDOESTE COOPERATIVA DE TRABALHO MEDICO LTDA;NÃO_INFORMADO;1666725804.72;555575268.24;555575268.24;255908451.72;46.06;3;False
155;ASSOCIAÇÃO DE ASSISTÊNCIA À SAÚDE DOS EMPREGADOS DA COPASA;NÃO_INFORMADO;1644606915.02;548202305.01;548202305.01;237768031.53;43.37;3;False
156;AMPLA PLANOS DE SAUDE LTDA;NÃO_INFORMADO;1644235731.06;822117865.53;822117865.53;210792713.68;25.64;2;False
157;UNIMED VALE DO SEPOTUBA - COOPERATIVA DE TRABALHO MÉDICO;NÃO_INFORMADO;1637854064.91;545951354.97;545951354.97;246380499.64;45.13;3;False
158;UNIMED RIO VERDE COOPERATIVA TRABALHO MEDICO;NÃO_INFORMADO;1616125536.37;538708512.12;538708512.12;275383862.32;51.12;3;True
159;UNIMED AMPARO COOPERATIVA DE TRABALHO MÉDICO;NÃO_INFORMADO;1611402942.92;537134314.31;537134314.31;251998654.35;46.92;3;False
160;UNIMED CENTRO RONDÔNIA COOPERATIVA DE TRABALHO MÉDICO;NÃO_INFORMADO;1610536120.17;536845373.39;536845373.39;258738587.58;48.2;3;False
161;NOSSA SAÚDE - OPERADORA PLANOS PRIVADOS DE ASSISTÊNCIA  À SAÚDE LTDA.;NÃO_INFORMADO;1609490374.1;536496791.37;536496791.37;248192901.95;46.26;3;False
162;2CARE OPERADORA DE SAÚDE LTDA.;NÃO_INFORMADO;1603109237.47;534369745.82;534369745.82;271430163.4;50.79;3;True
163;SÃO LUCAS SAÚDE S/A;NÃO_INFORMADO;1585498073.24;528499357.75;528499357.75;248499872.69;47.02;3;False
164;FUNDAÇÃO SANEPAR DE ASSISTÊNCIA SOCIAL;NÃO_INFORMADO;1582411068.71;527470356.24;527470356.24;206359476.42;39.12;3;False
165;UNIMED LESTE PAULISTA COOPERATIVA DE TRABALHO MÉDICO;NÃO_INFORMADO;1582383398.03;527461132.68;527461132.68;248628343.81;47.14;3;False
166;LIFE EMPRESARIAL SAÚDE LTDA.;NÃO_INFORMADO;1573892608.71;524630869.57;524630869.57;259909921.0;49.54;3;False
167;UNIMED DE LIMEIRA COOPERATIVA DE TRABALHO MÉDICO;NÃO_INFORMADO;1571843018.59;523947672.86;523947672.86;275498182.43;52.58;3;True
168;UNIMED DE BOTUCATU COOPERATIVA DE TRABALHO MÉDICO;NÃO_INFORMADO;1565749813.68;521916604.56;521916604.56;253764450.49;48.62;3;False
169;PLENA SAÚDE S.A.;NÃO_INFORMADO;1564231826.37;521410608.79;521410608.79;237351735.49;45.52;3;False
170;INTEGRA ASSISTENCIA MEDICA SA;NÃO_INFORMADO;1553732930.25;517910976.75;517910976.75;180298657.2;34.81;3;False
171;ASSOCIAÇÃO DR. BARTHOLOMEU TACCHINI;NÃO_INFORMADO;1535193701.05;511731233.68;511731233.68;277460036.57;54.22;3;True
172;LIV LINHAS INTELIGENTES DE ATENÇÃO À VIDA S/A;NÃO_INFORMADO;1520371048.97;506790349.66;506790349.66;252822221.36;49.89;3;False
173;SAUDE PAS - MEDICINA E ODONTO;NÃO_INFORMADO;1504826577.61;501608859.2;501608859.2;236946997.21;47.24;3;False
174;UNIMED DE BEBEDOURO COOPERATIVA DE TRABALHO MÉDICO;NÃO_INFORMADO;1504748151.56;501582717.19;501582717.19;245920359.3;49.03;3;False
175;UNIMED COSTA OESTE - COOPERATIVA DE TRABALHO MÉDICO;NÃO_INFORMADO;1496350515.57;498783505.19;498783505.19;254571646.26;51.04;3;True
176;CAIXA DE ASSISTÊNCIA DOS EMPREGADOS DA EMPRESA BRASILEIRA DE PESQUISA  AGROPECUÁRIA;NÃO_INFORMADO;1495115274.27;498371758.09;498371758.09;242556316.2;48.67;3;False
177;UNIMED PELOTAS/RS - COOPERATIVA DE ASSISTÊNCIA À SAÚDE LTDA.;NÃO_INFORMADO;1459732316.58;486577438.86;486577438.86;241611517.78;49.66;3;False
178;CAIXA DE ASSISTÊNCIA OSWALDO CRUZ;NÃO_INFORMADO;1458911667.59;486303889.2;486303889.2;225561024.06;46.38;3;False
179;ASSOCIAÇÃO EVANGELICA BENEFICENTE DE LONDRINA;NÃO_INFORMADO;1440786328.44;480262109.48;480262109.48;243598498.14;50.72;3;True
180;UNIMED DE DOURADOS COOPERATIVA DE TRABALHO MÉDICO LTDA;NÃO_INFORMADO;1438781448.53;479593816.18;479593816.18;240838744.37;50.22;3;True
181;UNIMED DE ARACATUBA - COOPERATIVA DE TRABALHO MÉDICO;NÃO_INFORMADO;1437669220.36;479223073.45;479223073.45;217251981.7;45.33;3;False
182;S.P.A SAUDE- SISTEMA DE PROMOÇÃO ASSISTENCIAL;NÃO_INFORMADO;1435413833.58;478471277.86;478471277.86;217303413.54;45.42;3;False
183;UNIMED DE TUBARAO - COOPERATIVA DE TRABALHO MEDICO DA REGIAO DA AMUREL;NÃO_INFORMADO;1422072260.1;474024086.7;474024086.7;232256563.15;49.0;3;False
184;UNIMED NOROESTE/RS - SOCIEDADE COOPERATIVA DE ASSISTÊNCIA À SAÚDE LTDA.;NÃO_INFORMADO;1376254882.31;458751627.44;458751627.44;219918660.54;47.94;3;False
185;SERVIÇO SOCIAL DA INDÚSTRIA DO PAPEL, PAPELÃO E CORTIÇA DO ESTADO DE SÃO PAULO - SEPACO;NÃO_INFORMADO;1372109684.7;457369894.9;457369894.9;238732456.46;52.2;3;True
186;SERMED-SAÚDE LTDA.;NÃO_INFORMADO;1369624548.51;456541516.17;456541516.17;221820954.38;48.59;3;False
187;UNIMED RIO BRANCO COOPERATIVA DE TRABALHO MEDICO LTDA;NÃO_INFORMADO;1354142498.57;451380832.86;451380832.86;201264899.95;44.59;3;False
188;UNIÃO MÉDICA PLANOS DE SAÚDE S/A;NÃO_INFORMADO;1342227871.55;447409290.52;447409290.52;206192047.69;46.09;3;False
189;IRMANDADE DA SANTA CASA DE MISERICÓRDIA DE PIRACICABA;NÃO_INFORMADO;1327412814.43;442470938.14;442470938.14;247833085.01;56.01;3;True
190;UNIMED NOROESTE CAPIXABA COOPERATIVA DE TRABALHO MÉDICO.;NÃO_INFORMADO;1327033444.31;442344481.44;442344481.44;217453894.05;49.16;3;False
191;UNIMED PLANALTO MÉDIO/RS - COOPERATIVA DE ASSISTÊNCIA À SAÚDE LTDA.;NÃO_INFORMADO;1324119928.3;441373309.43;441373309.43;205611868.3;46.58;3;False
192;UNIMED PATO BRANCO SOCIEDADE COOPERATIVA DE MÉDICOS;NÃO_INFORMADO;1323221921.46;441073973.82;441073973.82;200369360.64;45.43;3;False
193;UNIMED PETROPOLIS-RJ COOPERATIVA DE TRABALHO MÉDICO;NÃO_INFORMADO;1302497708.84;434165902.95;434165902.95;204009350.35;46.99;3;False
194;CABERJ INTEGRAL SAÚDE S.A;NÃO_INFORMADO;1285582132.33;428527377.44;428527377.44;194300155.22;45.34;3;False
195;ECONOMUS INSTITUTO DE SEGURIDADE SOCIAL;NÃO_INFORMADO;1279345139.6;426448379.87;426448379.87;225273496.07;52.83;3;True
196;UNIMED MARANHÃO DO SUL - COOPERATIVA DE TRABALHO MÉDICO;NÃO_INFORMADO;1278258210.48;426086070.16;426086070.16;243633848.46;57.18;3;True
197;UNIMED REGIONAL JAU - COOPERATIVA DE TRABALHO MÉDICO;NÃO_INFORMADO;1242202659.42;414067553.14;414067553.14;202842997.68;48.99;3;False
198;UNIMED DE RIO CLARO SP COOPERATIVA DE TRABALHO MEDICO;NÃO_INFORMADO;1214275097.76;404758365.92;404758365.92;205575673.71;50.79;3;True
199;UNIMED ANÁPOLIS COOPERATIVA DE TRABALHO MÉDICO.;NÃO_INFORMADO;1205854397.84;401951465.95;401951465.95;174098384.58;43.31;3;False
200;UNIMED MONTES CLAROS COOPERATIVA DE  TRABALHO MÉDICO LTDA.;NÃO_INFORMADO;1194962093.68;398320697.89;398320697.89;143930062.0;36.13;3;False
201;SANTA CASA DE MISERICÓRDIA DE JUIZ DE FORA;NÃO_INFORMADO;1180533037.15;393511012.38;393511012.38;193624661.99;49.2;3;False
202;UNIMED DO CARIRI - SOCIEDADE COOPERATIVA MÉDICA LTDA;NÃO_INFORMADO;1142381225.79;380793741.93;380793741.93;195712528.09;51.4;3;True
203;UNIMED DE OURINHOS - COOPERATIVA DE TRABALHO MÉDICO;NÃO_INFORMADO;1141119030.68;380373010.23;380373010.23;181659479.02;47.76;3;False
204;SIM - CAIXA DE ASSISTÊNCIA À SAÚDE;NÃO_INFORMADO;1133932862.3;377977620.77;377977620.77;179103016.9;47.38;3;False
205;PLANO DE SAÚDE DA SANTA CASA DE BRAGANÇA PAULISTA;NÃO_INFORMADO;1114841674.94;371613891.65;371613891.65;181656972.8;48.88;3;False
206;UNIMED VARGINHA COOPERATIVA DE TRABALHO MÉDICO;NÃO_INFORMADO;1107498387.13;369166129.04;369166129.04;169237836.86;45.84;3;False
207;UNIMED CENTRO OESTE PAULISTA - FEDERAÇÃO INTRAFEDERATIVA DAS COOPERATIVAS MÉDICAS;NÃO_INFORMADO;1097375049.87;365791683.29;365791683.29;195124068.88;53.34;3;True
208;UNIMED PALMAS COOPERATIVA DE TRABALHO MÉDICO;NÃO_INFORMADO;1097223169.56;365741056.52;365741056.52;159377410.97;43.58;3;False
209;UNIMED ARARUAMA COOPERATIVA DE TRABALHO MÉDICO LTDA;NÃO_INFORMADO;1091970657.75;363990219.25;363990219.25;177894955.64;48.87;3;False
210;UNIMED REGIONAL DE CAMPO MOURÃO COOP TRAB MEDICO;NÃO_INFORMADO;1090270667.43;363423555.81;363423555.81;174025155.21;47.88;3;False
211;MED-TOUR ADMINISTRADORA DE BENEFÍCIOS E EMPREENDIMENTOS LTDA.;NÃO_INFORMADO;1086531128.71;362177042.9;362177042.9;165102413.8;45.59;3;False
212;UNIMED TEOFILO OTONI COOPERATIVA DE TRABALHO MÉDICO;NÃO_INFORMADO;1084424284.16;361474761.39;361474761.39;163352024.68;45.19;3;False
213;OPERADORA UNIESTE DE PLANOS DE SAÚDE LTDA;NÃO_INFORMADO;1071064199.08;357021399.69;357021399.69;176483324.65;49.43;3;False
214;UNIHOSP SAÚDE LTDA;NÃO_INFORMADO;1046077521.54;348692507.18;348692507.18;162160737.34;46.51;3;False
215;UNIMED ENCOSTA DA SERRA/RS SOCIEDADE COOPERATIVA DE SERVIÇOS DE SAÚDE LTDA.;NÃO_INFORMADO;1038832191.6;346277397.2;346277397.2;167770124.97;48.45;3;False
216;FUNDAÇAO COMPESA DE PREVIDENCIA E ASSISTENCIA - COMPESAPREV;NÃO_INFORMADO;1036621434.18;345540478.06;345540478.06;170260387.6;49.27;3;False
217;MÚTUA DOS MAGISTRADOS DO ESTADO DO RIO DE JANEIRO;NÃO_INFORMADO;1032931192.86;344310397.62;344310397.62;163280306.65;47.42;3;False
218;POLICLIN SAÚDE S/A.;NÃO_INFORMADO;1014888432.09;338296144.03;338296144.03;164692921.89;48.68;3;False
219;UNIMED COSTA DO DESCOBRIMENTO COOPERATIVA DE TRABALHO MÉDICO;NÃO_INFORMADO;1013483222.39;337827740.8;337827740.8;163601550.46;48.43;3;False
220;SAÚDE BRB - CAIXA DE ASSISTÊNCIA;NÃO_INFORMADO;1010120525.8;336706841.93;336706841.93;159093898.22;47.25;3;False
221;UNIMED CONSELHEIRO LAFAIETE COOPERATIVA DE TRABALHO MÉDICO LTDA;NÃO_INFORMADO;1004156319.73;334718773.24;334718773.24;160983669.4;48.1;3;False
222;UNIMED METROPOLITANA DO AGRESTE - COOPERATIVA DE TRABALHO MÉDICO;NÃO_INFORMADO;1001876080.65;333958693.55;333958693.55;152958456.58;45.8;3;False
223;UNIMED NORTE CAPIXABA- COOPERATIVA DE TRABALHO MÉDICO;NÃO_INFORMADO;978231618.93;326077206.31;326077206.31;163423212.59;50.12;3;True
224;LUMINAR SAÚDE - ASSOCIAÇÃO DE ASSISTÊNCIA À SAÚDE;NÃO_INFORMADO;960721614.21;320240538.07;320240538.07;130125591.94;40.63;3;False
225;UNIMED GUARAPUAVA COOPERATIVA DE TRABALHO MÉDICO;NÃO_INFORMADO;950799829.76;316933276.59;316933276.59;146368668.27;46.18;3;False
226;UNIMED DE CATANDUVA - COOPERATIVA DE TRABALHO MÉDICO;NÃO_INFORMADO;942547420.05;314182473.35;314182473.35;146395739.29;46.6;3;False
227;CAIXA DE ASSISTENCIA A SAUDE DA UNIVERSIDADE;NÃO_INFORMADO;937723930.82;312574643.61;312574643.61;148153953.03;47.4;3;False
228;BENEFICENCIA CAMILIANA DO SUL;NÃO_INFORMADO;937107784.94;468553892.47;468553892.47;204837515.98;43.72;2;False
229;HBC SAÚDE LTDA.;NÃO_INFORMADO;923408444.39;307802814.8;307802814.8;141122567.62;45.85;3;False
230;ASSOCIAÇÃO ADVENTISTA NORTE BRASILEIRA DE PREVENÇÃO E ASSISTÊNCIA A SAÚDE;NÃO_INFORMADO;922582695.96;307527565.32;307527565.32;141551016.0;46.03;3;False
231;UNIMED DE ASSIS COOPERATIVA DE TRABALHO MÉDICO;NÃO_INFORMADO;913458239.59;304486079.86;304486079.86;142096348.69;46.67;3;False
232;UNIMED VALE DO CAÍ/RS - COOPERATIVA DE ASSISTÊNCIA À SAÚDE LTDA.;NÃO_INFORMADO;911886604.22;303962201.41;303962201.41;147318545.31;48.47;3;False
233;UNIMED BARRA DO GARÇAS - COOPERATIVA DE TRABALHO MÉDICO;NÃO_INFORMADO;896036034.78;298678678.26;298678678.26;137022320.35;45.88;3;False
234;ASSOCIAÇÃO DA SANTA CASA SAÚDE DE RIBEIRÃO PRETO;NÃO_INFORMADO;894932818.75;298310939.58;298310939.58;133869890.26;44.88;3;False
235;IRMANDADE SANTA CASA DE MISERICÓRDIA DE MARINGÁ;NÃO_INFORMADO;892007561.5;297335853.83;297335853.83;151928698.67;51.1;3;True
236;FUNDAÇÃO AFFEMG DE ASSISTÊNCIA E SAÚDE - FUNDAFFEMG;NÃO_INFORMADO;885866056.06;295288685.35;295288685.35;144497209.49;48.93;3;False
237;UNIMED POÇOS DE CALDAS - SOC. COOP. DE TRAB. E SERVIÇOS MÉDICOS;NÃO_INFORMADO;861691315.9;287230438.63;287230438.63;147461908.82;51.34;3;True
238;UNIMED EXTREMO SUL COOPERATIVA DE TRABALHO MÉDICO;NÃO_INFORMADO;855544146.86;285181382.29;285181382.29;125221571.26;43.91;3;False
239;UNIMED DE BARRA MANSA SOC. COOP. SERV.MED.E HOSPIT.;NÃO_INFORMADO;854416212.64;284805404.21;284805404.21;144172052.45;50.62;3;True
240;UNIMED NORDESTE PAULISTA - FED. INTRAFEDERATIVA DAS COOP. MÉDICAS;NÃO_INFORMADO;852143401.99;284047800.66;284047800.66;130770862.28;46.04;3;False
241;FUNDAÇÃO DE SEGURIDADE SOCIAL DA ARCELORMITTAL BRASIL - FUNSSEST;NÃO_INFORMADO;845600472.15;281866824.05;281866824.05;110805090.42;39.31;3;False
242;UNIMED LITORAL SUL/RS - COOPERATIVA DE ASSISTÊNCIA À SAÚDE LTDA.;NÃO_INFORMADO;845348606.47;281782868.82;281782868.82;126945604.58;45.05;3;False
243;UNIMED CURVELO COOPERATIVA DE TRABALHO MÉDICO LTDA.;NÃO_INFORMADO;835771310.92;278590436.97;278590436.97;132627232.27;47.61;3;False
244;CENTRAL REGIONAL DAS COOPERATIVAS MÉDICAS - UNIMED CERRADO;NÃO_INFORMADO;835160028.15;278386676.05;278386676.05;118357795.84;42.52;3;False
245;UNIMED INCONFIDENTES COOPERATIVA DE TRABALHO MÉDICO LTDA.;NÃO_INFORMADO;831943766.1;277314588.7;277314588.7;135980567.02;49.03;3;False
246;ASSOCIAÇAO DOS FUNCIONARIOS PUBLICOS DO ESTADO DO RIO GRANDE DO SUL;NÃO_INFORMADO;828037576.45;276012525.48;276012525.48;116812833.32;42.32;3;False
247;ASSOCIAÇÃO SÃO FRANCISCO VIDA;NÃO_INFORMADO;827050915.37;275683638.46;275683638.46;138741622.58;50.33;3;True
248;SELECT OPERADORA DE PLANO DE SAUDE LTDA;NÃO_INFORMADO;823903962.63;274634654.21;274634654.21;226054279.58;82.31;3;True
249;UNIMED DE PARANAGUÁ COOPERATIVA DE TRABALHO MÉDICO;NÃO_INFORMADO;818053718.99;272684573.0;272684573.0;128296658.82;47.05;3;False
250;ELOSAÚDE - ASSOCIAÇÃO DE ASSISTÊNCIA À SAÚDE;NÃO_INFORMADO;812244244.74;270748081.58;270748081.58;145212660.3;53.63;3;True
251;AGROS - INSTITUTO UFV DE SEGURIDADE SOCIAL;NÃO_INFORMADO;801052348.61;267017449.54;267017449.54;125109579.62;46.85;3;False
252;UNIMED DE SÃO ROQUE - COOPERATIVA DE TRABALHO MÉDICO;NÃO_INFORMADO;797327125.8;265775708.6;265775708.6;138980011.02;52.29;3;True
253;UNIMED RESENDE COOPERATIVA DE TRABALHO MÉDICO;NÃO_INFORMADO;795223558.87;265074519.62;265074519.62;137369762.78;51.82;3;True
254;UNIMED DE BRUSQUE COOPERATIVA DE TRABALHO MÉDICO;NÃO_INFORMADO;787436747.63;262478915.88;262478915.88;113795655.19;43.35;3;False
255;UNIMED NORTE FLUMINENSE COOPERATIVA DE TRABALHO MEDICO;NÃO_INFORMADO;782782052.82;260927350.94;260927350.94;123428716.06;47.3;3;False
256;CAIXA ASSISTENCIAL E BENEFICENTE DOS FUNCIONÁRIOS DA ACARESC;NÃO_INFORMADO;782082016.76;260694005.59;260694005.59;116888771.72;44.84;3;False
257;UNIMED DE PARANAVAÍ COOPERATIVA DE TRABALHO MÉDICO;NÃO_INFORMADO;769470749.01;256490249.67;256490249.67;120778716.33;47.09;3;False
258;UNIMED MISSÕES/RS - COOPERATIVA DE ASSISTÊNCIA À SAÚDE LTDA.;NÃO_INFORMADO;766867775.82;255622591.94;255622591.94;121352897.1;47.47;3;False
259;CAIXA DE ASSISTÊNCIA DOS EMPREGADOS DA SANEAGO;NÃO_INFORMADO;765134914.64;255044971.55;255044971.55;134699451.2;52.81;3;True
260;ASSOCIAÇÃO BENEFICENTE DE ASSISTÊNCIA A SAÚDE DOS JUÍZES DO TRABALHO DA 15ª REGIÃO (ABAS 15);NÃO_INFORMADO;761359223.2;253786407.73;253786407.73;117306161.31;46.22;3;False
261;IRMANDADE DA SANTA CASA DE MISERICÓRDIA DE RIO CLARO;NÃO_INFORMADO;754086157.93;251362052.64;251362052.64;133881377.21;53.26;3;True
262;ASSOCIAÇÃO PADRE ALBINO SAÚDE;NÃO_INFORMADO;754026870.13;251342290.04;251342290.04;131664489.52;52.38;3;True
263;AMESC - ASSOCIAÇÃO MÉDICA ESPÍRITA CRISTÃ;NÃO_INFORMADO;735999368.98;245333122.99;245333122.99;114038578.1;46.48;3;False
264;UNIMED REGIONAL SUL GOIAS COOP. DE TRABALHO MÉDICO LTDA;NÃO_INFORMADO;723204859.08;241068286.36;241068286.36;113087536.07;46.91;3;False
265;UNIMED VALE DO AÇO COOPERATIVA DE TRABALHO MÉDICO;NÃO_INFORMADO;721092271.49;360546135.75;360546135.75;148035439.95;41.06;2;False
266;AMEPLAN ASSISTÊNCIA MÉDICA PLANEJADA LTDA;NÃO_INFORMADO;712082902.51;237360967.5;237360967.5;64994614.0;27.38;3;False
267;UNIMED OESTE DO PARANA - COOPERATIVA DE TRABALHO MEDICO;NÃO_INFORMADO;711004180.37;237001393.46;237001393.46;112296639.38;47.38;3;False
268;UNIMED APUCARANA COOPERATIVA DE TRABALHO MÉDICO;NÃO_INFORMADO;709307700.35;236435900.12;236435900.12;108088570.39;45.72;3;False
269;ASSOCIAÇÃO BENEFICENTE DOS PROFESSORES PÚBLICOS ATIVOS E INATIVOS DO RIO DE JANEIRO - APPAI;NÃO_INFORMADO;706738656.11;235579552.04;235579552.04;118103880.39;50.13;3;True
270;CENTRO HOSPITALAR ATIBAIA LTDA.;NÃO_INFORMADO;685418553.14;228472851.05;228472851.05;152657303.61;66.82;3;True
271;UNIMED DE JABOTICABAL COOP. DE TRABALHO MÉDICO;NÃO_INFORMADO;683642085.15;227880695.05;227880695.05;113437425.6;49.78;3;False
272;SAÚDE SANTA TEREZA LTDA.;NÃO_INFORMADO;678573718.3;226191239.43;226191239.43;107595561.74;47.57;3;False
273;ASSOCIAÇÃO SANTA CASA SAÚDE DE ARAÇATUBA;NÃO_INFORMADO;672417748.66;224139249.55;224139249.55;103705919.08;46.27;3;False
274;UNIMED DE CATALÃO COOPERATIVA DE TRABALHO MÉDICO;NÃO_INFORMADO;665373216.72;221791072.24;221791072.24;102154654.29;46.06;3;False
275;UNIMED PARÁ DE MINAS COOPERATIVA DE TRABALHO MÉDICO LTDA.;NÃO_INFORMADO;664950740.85;221650246.95;221650246.95;103378824.28;46.64;3;False
276;UNIMED ARAXÁ COOPERATIVA DE TRABALHO MÉDICO LTDA.;NÃO_INFORMADO;663478339.16;221159446.39;221159446.39;105657725.75;47.77;3;False
277;GARANTIA DE SAÚDE LTDA;NÃO_INFORMADO;658916852.53;219638950.84;219638950.84;122705153.24;55.87;3;True
278;UNIMED SÃO JOÃO DEL REI - COOPERATIVA DE TRABALHO MÉDICO;NÃO_INFORMADO;657693548.09;219231182.7;219231182.7;105304111.89;48.03;3;False
279;VIVACOM PLANOS DE SAÚDE;NÃO_INFORMADO;651274111.85;217091370.62;217091370.62;101515061.78;46.76;3;False
280;CAIXA DE ASSISTÊNCIA À SAÚDE DOS SERVIDORES PÚBLICOS DO ESTADO DO MATO GROSSO DO SUL;NÃO_INFORMADO;647851406.44;215950468.81;215950468.81;101172521.29;46.85;3;False
281;UNIMED ITABIRA COOPERATIVA DE TRABALHO MÉDICO;NÃO_INFORMADO;647331907.64;215777302.55;215777302.55;99777497.71;46.24;3;False
282;UNIMED DE CAÇAPAVA - COOPERATIVA DE TRABALHO MEDICO;NÃO_INFORMADO;646923982.9;215641327.63;215641327.63;103799035.41;48.14;3;False
283;UNIMED OS BANDEIRANTES COOPERATIVA DE TRABALHO MÉDICO;NÃO_INFORMADO;635810366.29;211936788.76;211936788.76;87364067.83;41.22;3;False
284;FUNDACAO LEONOR DE BARROS CAMARGO;NÃO_INFORMADO;628152688.88;209384229.63;209384229.63;101489771.36;48.47;3;False
285;UNIMED CENTRO SUL FLUMINENSE COOPERATIVA DE TRABALHO MÉDICO;NÃO_INFORMADO;626987321.07;208995773.69;208995773.69;103256845.79;49.41;3;False
286;UNIMED ERECHIM - COOPERATIVA DE SERVIÇOS DE SAÚDE LTDA.;NÃO_INFORMADO;626452771.57;208817590.52;208817590.52;97201928.47;46.55;3;False
287;ASSISTÊNCIA MÉDICA SÃO MIGUEL LTDA;NÃO_INFORMADO;624626747.72;208208915.91;208208915.91;104124689.17;50.01;3;True
288;UNIMED JOÃO MONLEVADE COOPERATIVA DE TRABALHO MÉDICO LTDA.;NÃO_INFORMADO;623712061.37;207904020.46;207904020.46;102490862.13;49.3;3;False
289;UNIMED FRONTEIRA NOROESTE/RS - COOPERATIVA DE ASSISTÊNCIA À SAÚDE LTDA.;NÃO_INFORMADO;622769950.46;207589983.49;207589983.49;96609456.2;46.54;3;False
290;OPERADORA UNICENTRAL DE PLANOS DE SAÚDE LTDA.;NÃO_INFORMADO;622599442.79;207533147.6;207533147.6;87986577.02;42.4;3;False
291;SANTA CASA DE MAUÁ SAÚDE;NÃO_INFORMADO;622138892.11;207379630.7;207379630.7;102921828.54;49.63;3;False
292;UNIMED DE TATUI - COOPERATIVA DE TRABALHO MÉDICO;NÃO_INFORMADO;618136385.77;206045461.92;206045461.92;94793174.04;46.01;3;False
293;UNIMED ALTO VALE - COOPERATIVA DE TRABALHO MÉDICO;NÃO_INFORMADO;614994494.72;204998164.91;204998164.91;100028575.21;48.79;3;False
294;UNIMED DE LENÇOIS PAULISTA - COOPERATIVA DE TRABALHO MÉDICO;NÃO_INFORMADO;613350329.59;204450109.86;204450109.86;94794783.93;46.37;3;False
295;UNIMED BARBACENA - COOPERATIVA DE TRABALHO MÉDICO LTDA;NÃO_INFORMADO;611899485.94;203966495.31;203966495.31;101508667.14;49.77;3;False
296;OESTE SAÚDE ASSISTÊNCIA A SAÚDE SUPLEMENTAR S.A;NÃO_INFORMADO;610351358.31;203450452.77;203450452.77;98537197.71;48.43;3;False
297;FUNDAÇÃO DE SAÚDE ITAIGUAPY;NÃO_INFORMADO;608568616.35;202856205.45;202856205.45;108737127.69;53.6;3;True
298;SAMI ASSISTÊNCIA MÉDICA LTDA;NÃO_INFORMADO;605774660.57;201924886.86;201924886.86;93968338.79;46.54;3;False
299;UNIMED ITAJUBA COOPERATIVA DE TRABALHO MEDICO;NÃO_INFORMADO;605235513.48;201745171.16;201745171.16;106649371.75;52.86;3;True
300;UNIMED CABO FRIO COOPERATIVA TRABALHO MÉDICO LTDA.;NÃO_INFORMADO;604908860.44;201636286.81;201636286.81;97096304.35;48.15;3;False
301;UNIMED NOROESTE DO PARANÁ COOP DE TRABALHO MÉDICO .;NÃO_INFORMADO;594073594.48;198024531.49;198024531.49;96966624.47;48.97;3;False
302;UNIMED ARAGUARI COOPERATIVA DE TRABALHO MÉDICO;NÃO_INFORMADO;586132370.25;195377456.75;195377456.75;89895424.48;46.01;3;False
303;CAIXA DE ASSISTÊNCIA DOS EMPREGADOS DO SISTEMA FINANCEIRO BANESTES;NÃO_INFORMADO;583387253.94;194462417.98;194462417.98;83571323.02;42.98;3;False
304;UNIMED DE LINS - COOPERATIVA DE TRABALHOS MÉDICOS;NÃO_INFORMADO;582647413.37;194215804.46;194215804.46;86253340.63;44.41;3;False
305;ESMALE ASSISTENCIA INTERNACIONAL DE SAUDE LTDA.;NÃO_INFORMADO;581603549.15;193867849.72;193867849.72;78176409.26;40.32;3;False
306;UNIMED SAÚDE E ODONTO S.A;NÃO_INFORMADO;577777398.97;192592466.32;192592466.32;98200033.79;50.99;3;True
307;CAIXA DE ASSISTÊNCIA À SAUDE DOS EMPREGADOS DA CODEVASF - CASEC;NÃO_INFORMADO;575776685.97;191925561.99;191925561.99;75454150.44;39.31;3;False
308;SISTEMAS E PLANOS DE SAÚDE LTDA.;NÃO_INFORMADO;575715666.35;191905222.12;191905222.12;65524875.28;34.14;3;False
309;GOCARE PLANOS DE SAUDE LTDA;NÃO_INFORMADO;572047884.62;190682628.21;190682628.21;76781025.03;40.27;3;False
310;UNIMED MEIO OESTE CATARINENSE COOPERATIVA DE TRABALHO MÉDICO;NÃO_INFORMADO;566653245.07;188884415.02;188884415.02;85208504.63;45.11;3;False
311;PARANA ASSISTENCIA MEDICA LTDA;NÃO_INFORMADO;561297631.56;187099210.52;187099210.52;86360418.8;46.16;3;False
312;UNIMED EXTREMO OESTE CATARINENSE COOPERATIVA DE TRABALHO MÉDICO;NÃO_INFORMADO;556319514.34;185439838.11;185439838.11;83212609.27;44.87;3;False
313;PRONTOMED PLANOS DE SAÚDE LTDA;NÃO_INFORMADO;554643335.72;184881111.91;184881111.91;85298648.63;46.14;3;False
314;ASSOCIAÇÃO DE ASSISTÊNCIA À SAÚDE DA AMAGIS;NÃO_INFORMADO;550804223.72;183601407.91;183601407.91;89109381.49;48.53;3;False
315;ASSOCIAÇÃO DOS SERVIDORES FISCAIS DO ESTADO DA BAHIA;NÃO_INFORMADO;543656664.06;181218888.02;181218888.02;90439064.11;49.91;3;False
316;UNIMED MURIAÉ COOPERATIVA DE TRABALHO MEDICO LTDA;NÃO_INFORMADO;539768037.09;179922679.03;179922679.03;84608324.43;47.02;3;False
317;UNIMED NORTE PIONEIRO - COOPERATIVA DE TRABALHO MÉDICO;NÃO_INFORMADO;537959204.16;179319734.72;179319734.72;87167434.98;48.61;3;False
318;NOVA SAÚDE OPERADORA INTEGRADA DE SAÚDE LTDA;NÃO_INFORMADO;529908489.64;176636163.21;176636163.21;113142589.96;64.05;3;True
319;IRMANDADE DA SANTA CASA DE MISERICORDIA DE LIMEIRA;NÃO_INFORMADO;528213661.59;176071220.53;176071220.53;90948149.25;51.65;3;True
320;SULMED - ASSISTÊNCIA MÉDICA LTDA;NÃO_INFORMADO;526417134.29;175472378.1;175472378.1;83452379.68;47.56;3;False
321;UNIMED DE GUARATINGUETA-COOPERATIVA DE TRABALHO MÉDICO;NÃO_INFORMADO;522911528.14;174303842.71;174303842.71;81160034.54;46.56;3;False
322;TEMPO MED PLANO DE SAUDE LTDA;NÃO_INFORMADO;521433150.4;173811050.13;173811050.13;89794630.87;51.66;3;True
323;UNIMED CENTRO PAULISTA - FEDERAÇÃO INTRAFEDERATIVA DAS COOPERATIVAS MÉDICAS;NÃO_INFORMADO;519487722.15;173162574.05;173162574.05;79808558.52;46.09;3;False
324;ELETROS SAÚDE - ASSOCIAÇÃO DE ASSISTÊNCIA À SAÚDE;NÃO_INFORMADO;516893569.53;172297856.51;172297856.51;98648690.15;57.25;3;True
325;UNIMED LAVRAS COOPERATIVA DE TRABALHO MÉDICO;NÃO_INFORMADO;516632552.79;172210850.93;172210850.93;84959176.05;49.33;3;False
326;UNIMED VALE DAS ANTAS, RS - COOPERATIVA DE ASSISTÊNCIA À SAÚDE LTDA.;NÃO_INFORMADO;507628750.12;169209583.37;169209583.37;60051805.06;35.49;3;False
327;UNIMED TRÊS RIOS COOPERATIVA DE TRABALHO MÉDICO;NÃO_INFORMADO;505117656.77;168372552.26;168372552.26;75667213.99;44.94;3;False
328;CAIXA ASSISTENCIAL UNIVERSITÁRIA DO RIO GRANDE DO NORTE;NÃO_INFORMADO;503957037.69;167985679.23;167985679.23;76902734.77;45.78;3;False
329;ASSOCIAÇÃO POLICIAL DE ASSISTÊNCIA À SAÚDE;NÃO_INFORMADO;503387308.37;167795769.46;167795769.46;76420194.66;45.54;3;False
330;UNIMED ALTA MOGIANA COOPERATIVA DE TRABALHO MÉDICO;NÃO_INFORMADO;498627112.74;166209037.58;166209037.58;83228922.64;50.07;3;True
331;CAIXA DE ASSISTÊNCIA DOS SERVIDORES FAZENDÁRIOS ESTADUAIS;NÃO_INFORMADO;491993688.78;163997896.26;163997896.26;77574307.0;47.3;3;False
332;PLAMED PLANO DE ASSISTENCIA MEDICA LTDA;NÃO_INFORMADO;489408700.56;163136233.52;163136233.52;84719124.9;51.93;3;True
333;HOSPITAIS E CLÍNICAS DO PIAUÍ S/S LTDA;NÃO_INFORMADO;488918558.47;162972852.82;162972852.82;73260289.18;44.95;3;False
334;MATÃO CLINICAS & AMHMA SAÚDE LTDA;NÃO_INFORMADO;477377697.49;159125899.16;159125899.16;75006373.22;47.14;3;False
335;UNIMED SUL PAULISTA - COOPERATIVA DE TRABALHO MÉDICO;NÃO_INFORMADO;474525906.37;158175302.12;158175302.12;75487767.77;47.72;3;False
336;PLANO DE SAUDE ASES LTDA.;NÃO_INFORMADO;472541760.37;157513920.12;157513920.12;73003508.56;46.35;3;False
337;ASSOCIAÇÃO DO PLANO DE SAÚDE DA SANTA CASA DE MISERICÓRDIA DE ITABUNA - PLANSUL;NÃO_INFORMADO;471026371.56;157008790.52;157008790.52;72228711.66;46.0;3;False
338;UNIMED DE IBITINGA COOPERATIVA DE TRABALHO MÉDICO;NÃO_INFORMADO;467961313.88;155987104.63;155987104.63;72918012.83;46.75;3;False
339;METLIFE PLANOS ODONTOLÓGICOS LTDA.;NÃO_INFORMADO;463014714.19;154338238.06;154338238.06;71046489.71;46.03;3;False
340;ASSOCIAÇÃO DE SAÚDE DOS FORNECEDORES DE CANA DE PIRACICABA E REGIÃO;NÃO_INFORMADO;462783587.78;154261195.93;154261195.93;82744085.28;53.64;3;True
341;UNIMED DE SOBRAL SOCIEDADE COOPERATIVA MÉDICA LTDA;NÃO_INFORMADO;460427361.23;153475787.08;153475787.08;75746363.25;49.35;3;False
342;UNIMED COSTA VERDE RJ;NÃO_INFORMADO;455155869.71;151718623.24;151718623.24;58802958.17;38.76;3;False
343;BEST SENIOR OPERADORA DE SAÚDE LTDA;NÃO_INFORMADO;454737486.72;151579162.24;151579162.24;91226011.61;60.18;3;True
344;UNIMED ITUIUTABA COOPERATIVA TRABALHO MÉDICO LTDA.;NÃO_INFORMADO;452837225.94;150945741.98;150945741.98;68984127.48;45.7;3;False
345;UNIMED ITAÚNA COOPERATIVA DE TRABALHO MÉDICO LTDA.;NÃO_INFORMADO;450793474.38;150264491.46;150264491.46;66558114.2;44.29;3;False
346;UNIMED DE PINDAMONHANGABA - COOPERATIVA TRABALHO MEDICO;NÃO_INFORMADO;449753154.04;149917718.01;149917718.01;71544735.92;47.72;3;False
347;UNIMED CAÇADOR COOPERATIVA DE TRABALHO MÉDICO DA REGIÃO DO CONTESTADO;NÃO_INFORMADO;447020736.43;149006912.14;149006912.14;72883469.76;48.91;3;False
348;SUL AMÉRICA ODONTOLÓGICO S/A;NÃO_INFORMADO;444584167.72;148194722.57;148194722.57;71192514.85;48.04;3;False
349;ASSOCIAÇÃO DE SAÚDE DO VALE;NÃO_INFORMADO;444404524.27;148134841.42;148134841.42;76771570.45;51.83;3;True
350;COOPERATIVA DE TRABALHO MEDICO REGIÃO DO PLANALTO SERRANO;NÃO_INFORMADO;442676038.2;147558679.4;147558679.4;73518460.21;49.82;3;False
351;SÃO FRANCISCO ASSISTÊNCIA MÉDICA LTDA;NÃO_INFORMADO;442048453.48;147349484.49;147349484.49;70052726.51;47.54;3;False
352;SANTA CASA DE MISERICORDIA DE SAO JOAQUIM DA BARRA;NÃO_INFORMADO;435296434.71;145098811.57;145098811.57;73617043.55;50.74;3;True
353;UNIODONTO DE CAMPINAS COOPERATIVA ODONTOLÓGICA;NÃO_INFORMADO;431204101.18;143734700.39;143734700.39;56945517.12;39.62;3;False
354;VITA ASSISTÊNCIA A SAÚDE LTDA.;NÃO_INFORMADO;427867439.13;142622479.71;142622479.71;97641643.23;68.46;3;True
355;AMHE MED ASSISTENCIA A SAUDE LTDA - EPP;NÃO_INFORMADO;427672325.13;142557441.71;142557441.71;109719162.59;76.96;3;True
356;COOPERATIVA DE TRABALHO MEDICO DE ARAGUAÍNA - UNIMED ARAGUAÍNA;NÃO_INFORMADO;425880412.3;141960137.43;141960137.43;62110601.65;43.75;3;False
357;FUNDAÇÃO LIBERTAS DE SEGURIDADE SOCIAL;NÃO_INFORMADO;424851253.66;141617084.55;141617084.55;64558045.8;45.59;3;False
358;PLADISA PLANOS DE SAÚDE SA;NÃO_INFORMADO;424672038.37;141557346.12;141557346.12;64853704.95;45.81;3;False
359;UNIMED GUAXUPÉ COOPERATIVA DE TRABALHO MEDICO;NÃO_INFORMADO;424106764.3;141368921.43;141368921.43;67376509.53;47.66;3;False
360;COOPERATIVA DE TRABALHO MÉDICO DO PLANALTO NORTE DE SANTA CATARINA LTDA;NÃO_INFORMADO;423287248.76;141095749.59;141095749.59;64700553.28;45.86;3;False
361;UNIMED NORTE PAULISTA - COOPERATIVA DE TRABALHO MÉDICO;NÃO_INFORMADO;421391054.11;140463684.7;140463684.7;65987707.32;46.98;3;False
362;UNIMED ALTO DA SERRA - SOCIEDADE COOPERATIVA DE SERVIÇO MÉDICO LTDA.;NÃO_INFORMADO;420879916.12;140293305.37;140293305.37;64545294.29;46.01;3;False
363;UNIMED SÃO LOURENÇO COOPERATIVA DE TRABALHO MÉDICO;NÃO_INFORMADO;419574280.7;139858093.57;139858093.57;65349864.68;46.73;3;False
364;FEDERAÇÃO DAS SOCIEDADES COOPERATIVAS DE TRABALHO MÉDICO DO ACRE, AMAPÁ, AMAZONAS, PARÁ, RONDONIA E RORAIMA;NÃO_INFORMADO;417925238.62;417925238.62;417925238.62;0.0;0.0;1;False
365;ASSOCIAÇÃO MAIS SAÚDE SANTA CASA DE SÃO JOÃO DA BOA VISTA;NÃO_INFORMADO;415605520.8;138535173.6;138535173.6;74050140.34;53.45;3;True
366;AMHA SAUDE S/A;NÃO_INFORMADO;414590919.57;138196973.19;138196973.19;67387538.95;48.76;3;False
367;ASSOCIAÇÃO DE ASSISTÊNCIA MÉDICO HOSPITALAR DOS MAGISTRADOS DO ESTADO DO PARANÁ;NÃO_INFORMADO;414561427.61;138187142.54;138187142.54;75063578.73;54.32;3;True
368;UNIMED REGIONAL DE TRES LAGOAS COOPERATIVA DE TRABALHO MÉDICO;NÃO_INFORMADO;413077388.95;137692462.98;137692462.98;66288612.11;48.14;3;False
369;SAMOC S.A. - SOCIEDADE ASSISTENCIAL MÉDICA E ODONTO CIRÚRGICA;NÃO_INFORMADO;408403309.0;136134436.33;136134436.33;63665974.38;46.77;3;False
370;ANAFE SAUDE;NÃO_INFORMADO;408214078.15;136071359.38;136071359.38;65852244.26;48.4;3;False
371;INSTITUIÇÃO BENEFICENTE CEL MASSOT - IBCM;NÃO_INFORMADO;405988385.29;135329461.76;135329461.76;79426880.63;58.69;3;True
372;SÃO DOMINGOS SAÚDE- ASSISTÊNCIA MÉDICA  LTDA;NÃO_INFORMADO;405648350.34;135216116.78;135216116.78;65817542.0;48.68;3;False
373;UNIMED DE TAUBATÉ COOPERATIVA DE TRABALHO MÉDICO;NÃO_INFORMADO;403494427.24;134498142.41;134498142.41;51971519.49;38.64;3;False
374;UNIMED DE LORENA COOPERATIVA DE TRABALHO MÉDICO;NÃO_INFORMADO;397943093.52;132647697.84;132647697.84;61754064.43;46.55;3;False
375;UNIMED PATROCÍNIO COOPERATIVA DE TRABALHO MÉDICO LTDA.;NÃO_INFORMADO;395552672.83;131850890.94;131850890.94;62468346.69;47.38;3;False
376;UNIMED DE BIRIGUI - COOPERATIVA DE TRABALHO MÉDICO;NÃO_INFORMADO;394781864.48;131593954.83;131593954.83;62411634.1;47.43;3;False
377;AMAZÔNIA PLANOS DE SAÚDE LTDA;NÃO_INFORMADO;394095707.95;131365235.98;131365235.98;62702270.34;47.73;3;False
378;UNIMED MARQUES DE VALENÇA COOPERATIVA DE TRABALHO MÉDICO LTDA.;NÃO_INFORMADO;393874683.48;131291561.16;131291561.16;66661662.59;50.77;3;True
379;UNIMED NOROESTE FLUMINENSE - COOPERATIVA DE TRABALHO MÉDICO LTDA;NÃO_INFORMADO;387223868.89;129074622.96;129074622.96;57746364.64;44.74;3;False
380;ASSOCIAÇÃO SAÚDE SÃO JOSÉ;NÃO_INFORMADO;384767323.92;128255774.64;128255774.64;59227041.0;46.18;3;False
381;UNIMED VALE DO JAURU COOPERATIVA DE TRABALHO MÉDICO;NÃO_INFORMADO;382508690.23;127502896.74;127502896.74;53496528.02;41.96;3;False
382;UNIMED DE AVARÉ COOPERATIVA DE TRABALHO MÉDICO;NÃO_INFORMADO;381627101.61;127209033.87;127209033.87;60688472.67;47.71;3;False
383;ASSOCIAÇÃO POLICIAL DE ASSISTÊNCIA À SAÚDE DE BAURU;NÃO_INFORMADO;379655753.28;126551917.76;126551917.76;56164618.21;44.38;3;False
384;UNIMED ALTO SÃO FRANCISCO COOPERATIVA DE TRABALHO MÉDICO;NÃO_INFORMADO;378314098.58;126104699.53;126104699.53;58470139.79;46.37;3;False
385;UNIMED OESTE DO PARÁ - COOPERATIVA DE TRABALHO MÉDICO;NÃO_INFORMADO;376828463.89;125609487.96;125609487.96;45845376.45;36.5;3;False
386;CAIXA DE ASSISTÊNCIA DOS FUNCIONÁRIOS DO BANCO DA AMAZÔNIA - CASF;NÃO_INFORMADO;373820087.99;124606696.0;124606696.0;49582458.23;39.79;3;False
387;ASSOCIAÇÃO SÃO LUIZ SAÚDE;NÃO_INFORMADO;371611157.41;123870385.8;123870385.8;57821879.31;46.68;3;False
388;IRMANDADE DE MISERICÓRDIA DO HOSPITAL DA SANTA CASA DE MONTE ALTO;NÃO_INFORMADO;370388978.91;123462992.97;123462992.97;62161535.02;50.35;3;True
389;UNIMED DE ANDRADINA - COOPERATIVA DE TRABALHO MÉDICO;NÃO_INFORMADO;365227756.6;121742585.53;121742585.53;58806710.36;48.3;3;False
390;UNIMED DE BARRETOS COOPERATIVA DE TRABALHO MÉDICO;NÃO_INFORMADO;363992343.2;121330781.07;121330781.07;56568995.94;46.62;3;False
391;ÚNICA ASSISTENCIA MEDICA LTDA;NÃO_INFORMADO;360057025.08;120019008.36;120019008.36;59404613.88;49.5;3;False
392;INTERMEDICI PIRACICABA ASSISTENCIA MEDICA LTDA;NÃO_INFORMADO;360025507.88;120008502.63;120008502.63;61332243.85;51.11;3;True
393;CAIXA DE ASSISTÊNCIA AOS MEMBROS DA DEFENSORIA PÚBLICA DO ESTADO DO RIO DE JANEIRO;NÃO_INFORMADO;359267964.35;119755988.12;119755988.12;57918931.54;48.36;3;False
394;SAÚDE BRASIL ASSISTÊNCIA MÉDICA LTDA.;NÃO_INFORMADO;355359793.32;118453264.44;118453264.44;64555042.37;54.5;3;True
395;UNIMED VERTENTE DO CAPARAÓ - COOPERATIVA DE TRABALHO MÉDICO LTDA;NÃO_INFORMADO;346523247.02;115507749.01;115507749.01;40718428.76;35.25;3;False
396;CAIXA DE ASSISTÊNCIA SISTEMA SAÚDE INTEGRAL-SSI SAUDE;NÃO_INFORMADO;346229006.68;115409668.89;115409668.89;60291488.15;52.24;3;True
397;UNIMED DE CAPIVARI -COOPERATIVA DE TRABALHO MÉDICO;NÃO_INFORMADO;345741619.26;115247206.42;115247206.42;53850159.37;46.73;3;False
398;ASSOCIAÇÃO FUNDO DE PROTEÇÃO À SAÚDE;NÃO_INFORMADO;342109844.74;114036614.91;114036614.91;51512057.25;45.17;3;False
399;CAIXA DE ASSISTÊNCIA DOS MAGISTRADOS DE PERNAMBUCO;NÃO_INFORMADO;340338158.51;113446052.84;113446052.84;57332331.82;50.54;3;True
400;BIO SAÚDE SERVIÇOS MÉDICOS LTDA;NÃO_INFORMADO;337102725.08;112367575.03;112367575.03;33310208.32;29.64;3;False
401;IRMANDADE DA SANTA CASA DE MISERICÓRDIA DE PASSOS;NÃO_INFORMADO;334725548.45;111575182.82;111575182.82;57146649.04;51.22;3;True
402;DENTAL UNI - COOPERATIVA ODONTOLÓGICA;NÃO_INFORMADO;333204478.42;111068159.47;111068159.47;58236765.65;52.43;3;True
403;IRMANDADE DE MISERICORDIA DE PORTO FERREIRA;NÃO_INFORMADO;328449862.41;109483287.47;109483287.47;57039076.14;52.1;3;True
404;ASSOCIAÇÃO MINEIRA DE ASSISTÊNCIA À SAÚDE DOS MEMBROS DO MINISTÉRIO PÚBLICO;NÃO_INFORMADO;325766875.96;108588958.65;108588958.65;55610225.03;51.21;3;True
405;GS PLANO GLOBAL DE SAÚDE LTDA;NÃO_INFORMADO;324790663.03;108263554.34;108263554.34;54583680.66;50.42;3;True
406;UNIMED CATAGUASES COOPERATIVA DE TRABALHO MÉDICO LTDA;NÃO_INFORMADO;318760915.84;106253638.61;106253638.61;48060030.25;45.23;3;False
407;UNIMED DE TUPA COOPERATIVA DE TRABALHO MÉDICO;NÃO_INFORMADO;314124766.47;104708255.49;104708255.49;50551882.75;48.28;3;False
408;CAIXA DE ASSISTÊNCIA À SAÚDE DO SINDICATO DOS FUNCIONÁRIOS INTEGRANTES DO GRUPO OCUPACIONAL ADMINISTRAÇÃO TRIBUTÁRIA DO ESTADO DE PERNAMBUCO;NÃO_INFORMADO;313500336.21;104500112.07;104500112.07;54967534.84;52.6;3;True
409;UNIMED NORTE DO PARANÁ COOPERATIVA REGIONAL DE TRABALHO MÉDICO;NÃO_INFORMADO;310151901.99;103383967.33;103383967.33;48247332.84;46.67;3;False
410;SANTA CASA DE MISERICÓRDIA DE VOTUPORANGA;NÃO_INFORMADO;309853997.93;103284665.98;103284665.98;47695915.41;46.18;3;False
411;UNITY SERVIÇOS INTEGRADOS DE SAÚDE LTDA.;NÃO_INFORMADO;309109914.93;103036638.31;103036638.31;60314472.56;58.54;3;True
412;FUNDAÇÃO FIAT SAÚDE E BEM ESTAR;NÃO_INFORMADO;308636375.69;102878791.9;102878791.9;45237623.86;43.97;3;False
413;ASSOCIAÇÃO DOS AUDITORES FISCAIS DO ESTADO DA PARAÍBA - AFRAFEP;NÃO_INFORMADO;307678579.12;102559526.37;102559526.37;50006440.95;48.76;3;False
414;UNIMED DE UBA COOPERATIVA DE TRABALHO MEDICO;NÃO_INFORMADO;304105851.49;101368617.16;101368617.16;51382995.87;50.69;3;True
415;OPERADORA DE PLANOS PRIVADOS DE SAÚDE - SANTA CASA SAÚDE LTDA;NÃO_INFORMADO;303927805.13;101309268.38;101309268.38;46725316.36;46.12;3;False
416;UNIMED DE MINEIROS COOPERATIVA DE TRABALHO MÉDICO;NÃO_INFORMADO;302418410.69;100806136.9;100806136.9;47757201.57;47.38;3;False
417;CONFERÊNCIA SÃO JOSÉ DO AVAÍ;NÃO_INFORMADO;302343758.76;100781252.92;100781252.92;55058037.89;54.63;3;True
418;UNIMED VIÇOSA - COOPERATIVA DE TRABALHO MÉDICO;NÃO_INFORMADO;302164684.66;100721561.55;100721561.55;48576607.57;48.23;3;False
419;UNIMED-RIO COOPERATIVA DE TRABALHO MEDICO DO RIO DE JANEIRO;NÃO_INFORMADO;302122422.39;302122422.39;302122422.39;0.0;0.0;1;False
420;UNIMED GURUPI COOPERATIVA DE TRABALHO MÉDICO;NÃO_INFORMADO;295535527.01;98511842.34;98511842.34;41897137.29;42.53;3;False
421;UNIMED TRÊS CORAÇÕES COOPERATIVA DE TRABALHO MÉDICO LTDA.;NÃO_INFORMADO;294892869.17;98297623.06;98297623.06;47581814.71;48.41;3;False
422;UNIMED VILHENA - COOPERATIVA DE TRABALHO MEDICO LTDA;NÃO_INFORMADO;292268727.8;97422909.27;97422909.27;64955024.0;66.67;3;True
423;UNIMED DE PIRASSUNUNGA COOPERATIVA DE TRABALHO MÉDICO;NÃO_INFORMADO;291848477.2;97282825.73;97282825.73;52607621.79;54.08;3;True
424;UNIMED CARATINGA - COOPERATIVA DE TRABALHO MÉDICO LTDA;NÃO_INFORMADO;288781524.58;96260508.19;96260508.19;41467339.53;43.08;3;False
425;UNIMED PONTAL DO TRIÂNGULO - COOPERATIVA DE TRABALHO MÉDICO;NÃO_INFORMADO;287616634.59;95872211.53;95872211.53;41631959.65;43.42;3;False
426;ASSOCIAÇÃO FCA SAÚDE;NÃO_INFORMADO;287195403.59;95731801.2;95731801.2;45276202.65;47.29;3;False
427;ASSOCIAÇÃO PARANAENSE DE ASSISTÊNCIA À SAUDE DOS MEMBROS DO MINISTERIO PUBLICO DO PARANÁ;NÃO_INFORMADO;285964450.91;95321483.64;95321483.64;43003837.95;45.11;3;False
428;UNIMED DE MOCOCA COOPERATIVA DE TRAB. MÉDICO;NÃO_INFORMADO;285843441.52;95281147.17;95281147.17;49874237.82;52.34;3;True
429;UNIMED NOROESTE DE MINAS COOPERATIVA DE TRABALHO MEDICO LTDA;NÃO_INFORMADO;280519362.16;93506454.05;93506454.05;45878449.55;49.06;3;False
430;UNIMED SÃO SEBASTIÃO DO PARAÍSO COOPERATIVA DE TRABALHO MÉDICO;NÃO_INFORMADO;270400421.57;90133473.86;90133473.86;39794379.45;44.15;3;False
431;UNIMED FRUTAL COOPERATIVA DE TRABALHO MEDICO LTDA;NÃO_INFORMADO;267339397.88;89113132.63;89113132.63;37216144.34;41.76;3;False
432;UNIMED PLANALTO CENTRAL/RS - COOPERATIVA DE ASSISTÊNCIA  À SAÚDE LTDA.;NÃO_INFORMADO;266858421.57;88952807.19;88952807.19;43933644.51;49.39;3;False
433;TERRAMAR ADMINISTRADORA DE PLANO DE SAUDE LTDA;NÃO_INFORMADO;265968565.95;88656188.65;88656188.65;37800789.72;42.64;3;False
434;FUNDAÇÃO FILANTRÓPICA E BENEFICENTE DE SAÚDE ARNALDO GAVAZZA FILHO;NÃO_INFORMADO;264250376.34;88083458.78;88083458.78;43111811.54;48.94;3;False
435;UNIMED ALFENAS COOPERATIVA DE TRABALHO MEDICO;NÃO_INFORMADO;261301983.62;87100661.21;87100661.21;39038209.6;44.82;3;False
436;LEADER ASSISTÊNCIA MÉDICA E HOSPITALAR LTDA.;NÃO_INFORMADO;260840738.89;86946912.96;86946912.96;37339680.45;42.95;3;False
437;PLANO ODONTOLÓGICO DENTALVIDAS LTDA.;NÃO_INFORMADO;259896066.6;86632022.2;86632022.2;48485687.03;55.97;3;True
438;PRONTOCLINICA E HOSPITAIS SAO LUCAS S/A;NÃO_INFORMADO;258819855.95;86273285.32;86273285.32;32117747.62;37.23;3;False
439;UNIMED VALE DO PIQUIRI-COOPERATIVA DE TRABALHO MÉDICO VALE DO PIQUIRI;NÃO_INFORMADO;256870408.13;85623469.38;85623469.38;42151791.46;49.23;3;False
440;POLI SAUDE OPERADORA DE PLANO DE SAUDE LTDA;NÃO_INFORMADO;253645920.79;84548640.26;84548640.26;40729472.51;48.17;3;False
441;AMPARA ASSISTÊNCIA MÉDICA PARAÍSO LTDA;NÃO_INFORMADO;251286849.89;83762283.3;83762283.3;36933464.77;44.09;3;False
442;AMEP FREGUESIA OPERADORA DE PLANO DE SAUDE LTDA;NÃO_INFORMADO;248302556.06;82767518.69;82767518.69;38527627.48;46.55;3;False
443;UNIMED REGIÃO DA CAMPANHA/RS - COOPERATIVA DE ASSISTÊNCIA À SAÚDE LTDA.;NÃO_INFORMADO;245762626.54;81920875.51;81920875.51;38971668.15;47.57;3;False
444;CAIXA DE ASSISTÊNCIA DOS EMPREGADOS DO BANESE;NÃO_INFORMADO;244317498.96;81439166.32;81439166.32;33590968.39;41.25;3;False
445;UNIODONTO DE SÃO JOSÉ DOS CAMPOS COOPERATIVA DE TRABALHO ODONTOLÓGICO;NÃO_INFORMADO;242671547.84;80890515.95;80890515.95;41550024.66;51.37;3;True
446;CAIXA DE ASSISTÊNCIA DOS EMPREGADOS DO BANEB;NÃO_INFORMADO;242142115.83;80714038.61;80714038.61;24764635.46;30.68;3;False
447;ASSOCIAÇÃO DOS FUNCIONÁRIOS DO FISCO DO ESTADO DE GOIÁS;NÃO_INFORMADO;235521187.56;78507062.52;78507062.52;38664029.61;49.25;3;False
448;FUNDAÇÃO DE ASSISTÊNCIA À SAÚDE DA ASSOCIAÇÃO DO MINISTÉRIO PÚBLICO DO RIO GRANDE DO SUL;NÃO_INFORMADO;235095598.75;78365199.58;78365199.58;42338945.62;54.03;3;True
449;ALLIANZ SAÚDE S/A;NÃO_INFORMADO;231067944.6;77022648.2;77022648.2;16529321.81;21.46;3;False
450;UNIMED SUDOESTE DE MINAS COOPERATIVA DE TRABALHO MÉDICO;NÃO_INFORMADO;230918136.29;76972712.1;76972712.1;41949565.28;54.5;3;True
451;UNIMED LEOPOLDINA COOPERATIVA DE TRABALHO MÉDICO LTDA;NÃO_INFORMADO;230867555.16;76955851.72;76955851.72;42647981.82;55.42;3;True
452;UNIMED DE SAO JOSÉ DO RIO PARDO-COOP. DE TRAB. MÉDICO;NÃO_INFORMADO;229363805.69;76454601.9;76454601.9;39870834.39;52.15;3;True
453;UNIMED DE ADAMANTINA-COOPERATIVA DE TRABALHO MÉDICO;NÃO_INFORMADO;227480012.26;75826670.75;75826670.75;35747726.97;47.14;3;False
454;ASSOCIAÇÃO PLANO DE SAÚDE SANTA CASA DE VALINHOS;NÃO_INFORMADO;224448274.02;74816091.34;74816091.34;34142856.66;45.64;3;False
455;SBC SAÚDE LTDA.;NÃO_INFORMADO;222291880.37;74097293.46;74097293.46;30417201.73;41.05;3;False
456;UNIMED DE DRACENA - COOPERATIVA DE TRABALHO MÉDICO;NÃO_INFORMADO;220707189.73;73569063.24;73569063.24;35881706.85;48.77;3;False
457;SF SISTEMAS DE SAÚDE LTDA;NÃO_INFORMADO;218676250.61;72892083.54;72892083.54;41791724.67;57.33;3;True
458;ASSOCIAÇÃO POLICIAL DE ASSISTÊNCIA À SAÚDE DE RIBEIRÃO PRETO (APAS);NÃO_INFORMADO;218445363.3;72815121.1;72815121.1;32708425.08;44.92;3;False
459;PLAMER PLANO MEDICO RESENDE LTDA;NÃO_INFORMADO;217036422.79;72345474.26;72345474.26;28134291.27;38.89;3;False
460;ASSOCIACAO DOS PROFESSORES UNIVERSITÁRIOS DA BAHIA;NÃO_INFORMADO;214981712.6;71660570.87;71660570.87;31288951.21;43.66;3;False
461;FUNDACAO CAPITAL PREVIDENCIA E SAUDE - CAPITAL PREV;NÃO_INFORMADO;211614381.89;105807190.94;105807190.94;53935446.4;50.98;2;True
462;SOCIEDADE BENEFICENTE DEZOITO DE JULHO;NÃO_INFORMADO;210862268.57;70287422.86;70287422.86;33238125.85;47.29;3;False
463;UNIMED CALDAS NOVAS - COOPERATIVA DE TRABALHO MEDICO;NÃO_INFORMADO;205262876.62;68420958.87;68420958.87;31724130.01;46.37;3;False
464;UNIMED DE MONTE ALTO - COOPERATIVA DE TRABALHO MÉDICO;NÃO_INFORMADO;194740674.76;64913558.25;64913558.25;32043306.13;49.36;3;False
465;PB ASSISTENCIA MEDICA EU LTDA;NÃO_INFORMADO;193852629.34;64617543.11;64617543.11;41223712.38;63.8;3;True
466;ASSOCIAÇÃO DOS SERVIDORES MUNICIPAIS, ESTADUAIS E FEDERAIS DO RIO DE JANEIRO;NÃO_INFORMADO;193669887.37;64556629.12;64556629.12;16669620.11;25.82;3;False
467;FILOSANITAS SAUDE LTDA;NÃO_INFORMADO;192874310.79;64291436.93;64291436.93;34626443.63;53.86;3;True
468;UNIMED VALE DO CORUMBÁ COOPERATIVA DE TRABALHO MEDICO;NÃO_INFORMADO;192590225.04;64196741.68;64196741.68;30912495.31;48.15;3;False
469;UNIX SAÚDE S.A;NÃO_INFORMADO;191074186.34;63691395.45;63691395.45;27201191.0;42.71;3;False
470;UNIMED TRÊS PONTAS - COOPERATIVA DE TRABALHO MÉDICO;NÃO_INFORMADO;191043898.6;63681299.53;63681299.53;30857192.81;48.46;3;False
471;ADVANCE PLANOS DE SAÚDE LTDA;NÃO_INFORMADO;189123029.22;63041009.74;63041009.74;31004362.57;49.18;3;False
472;UNIMED REGIÃO DA FRONTEIRA - RS COOPERATIVA DE ASSISTÊNCIA À SAÚDE LTDA.;NÃO_INFORMADO;188454554.74;62818184.91;62818184.91;29374444.45;46.76;3;False
473;ASSOCIAÇÃO POLICIAL DE ASSISTÊNCIA A SAÚDE DA BAIXADA SANTISTA;NÃO_INFORMADO;188307034.9;62769011.63;62769011.63;26208496.51;41.75;3;False
474;COOPERATIVA DOS USUÁRIOS DE SERVIÇOS DE SAÚDE LTDA.;NÃO_INFORMADO;185985318.2;61995106.07;61995106.07;32582236.47;52.56;3;True
475;BRASILDENTAL OPERADORA DE PLANOS ODONTOLÓGICOS S.A.;NÃO_INFORMADO;183605614.49;61201871.5;61201871.5;31428104.07;51.35;3;True
476;UNIMED NORTE/NORDESTE-FEDERAÇÃO INTERFEDERATIVA DAS SOCIEDADES COOPERATIVAS DE TRABALHO MÉDICO EM RECUPERAÇÃO JUDICIAL;NÃO_INFORMADO;183489956.77;61163318.92;61163318.92;4368856.66;7.14;3;False
477;ATÍVIA SERVIÇOS DE SAÚDE S/A;NÃO_INFORMADO;183302315.65;91651157.83;91651157.83;19482928.9;21.26;2;False
478;ASSOCIAÇÃO DOS EMPREGADOS DA COMPANHIA ESTADUAL DE HABITAÇÃO E OBRAS PÚBLICAS - ASSEC;NÃO_INFORMADO;182428828.03;60809609.34;60809609.34;31907625.98;52.47;3;True
479;UNIODONTO BELÉM - COOPERATIVA DE ASSISTÊNCIA À SAÚDE ODONTOLÓGICA;NÃO_INFORMADO;181901031.14;60633677.05;60633677.05;29504334.92;48.66;3;False
480;SV SAUDE ADMINSTRADORES DE PLANO DE SAUDE LTDA;NÃO_INFORMADO;180786462.83;60262154.28;60262154.28;29746972.51;49.36;3;False
481;ASSOCIAÇÃO SANTA CASA CLÍNICAS DE BIRIGUI;NÃO_INFORMADO;180287974.54;60095991.51;60095991.51;29441548.9;48.99;3;False
482;ASSOCIAÇÃO POLICIAL DE ASSISTÊNCIA À SAÚDE DE ARAÇATUBA (APAS);NÃO_INFORMADO;177679694.64;59226564.88;59226564.88;25584063.63;43.2;3;False
483;TRINO - ALIANCA FILANTRÓPICA DE ASSISTÊNCIA E INTEGRAÇÃO PARA O DESENVOLVIMENTO DA SAUDE;NÃO_INFORMADO;175693065.23;58564355.08;58564355.08;32164532.16;54.92;3;True
484;UNIMED REGIONAL DE FLORIANO - COOPERATIVA DE TRABALHO MÉDICO;NÃO_INFORMADO;175289320.96;58429773.65;58429773.65;26698587.68;45.69;3;False
485;UNIMED SUDOESTE PAULISTA COOPERATIVA DE TRABALHO MÉDICO;NÃO_INFORMADO;173798489.3;57932829.77;57932829.77;26826738.26;46.31;3;False
486;ASSOCIAÇÃO VALEPARAIBANA DE ASSISTÊNCIA MÉDICA POLICIAL;NÃO_INFORMADO;173281475.34;57760491.78;57760491.78;9503129.02;16.45;3;False
487;PREVIDENT ASSISTÊNCIA ODONTOLÓGICA S.A;NÃO_INFORMADO;172533872.52;57511290.84;57511290.84;27068902.68;47.07;3;False
488;ASSOCIAÇÃO SAÚDE CONCEIÇÃO;NÃO_INFORMADO;172137497.37;57379165.79;57379165.79;27112796.61;47.25;3;False
489;FEDERAÇÃO DAS COOP ODONTOLÓGICAS DO ESTADO DE SANTA CATARINA;NÃO_INFORMADO;171159550.72;57053183.57;57053183.57;30157587.38;52.86;3;True
490;PESSOAL SAÚDE PLANOS DE ASSISTÊNCIA MÉDICA LTDA;NÃO_INFORMADO;170362874.75;56787624.92;56787624.92;25104367.36;44.21;3;False
491;MAIS SAUDE S/A;NÃO_INFORMADO;170258657.39;85129328.69;85129328.69;47148004.58;55.38;2;True
492;DESBAN - FUNDAÇÃO BDMG DE SEGURIDADE SOCIAL;NÃO_INFORMADO;165535208.3;55178402.77;55178402.77;25406520.04;46.04;3;False
493;EVANGELICO SAUDE LTDA.;NÃO_INFORMADO;164498392.58;54832797.53;54832797.53;23555501.98;42.96;3;False
494;SANTA CASA DE MISERICORDIA HOSPITAL SÃO VICENTE;NÃO_INFORMADO;163098744.32;54366248.11;54366248.11;27099295.39;49.85;3;False
495;UNIMED REGIÃO DA PRODUÇÃO/RS - COOPERATIVA DE ASSISTÊNCIA À SAÚDE LTDA;NÃO_INFORMADO;162379429.21;54126476.4;54126476.4;27994424.85;51.72;3;True
496;IRMANDADE DA SANTA CASA DE MISERICÓRDIA E MATERNIDADE DONA ZILDA SALVAGNI;NÃO_INFORMADO;161055309.54;53685103.18;53685103.18;23893531.41;44.51;3;False
497;UNIMED ALTO JACUÍ/RS - COOPERATIVA DE ASSISTÊNCIA À SAÚDE LTDA;NÃO_INFORMADO;158923338.59;52974446.2;52974446.2;21190502.28;40.0;3;False
498;ASSOCIAÇÃO GOIANA DO MINISTÉRIO PÚBLICO;NÃO_INFORMADO;157846024.87;52615341.62;52615341.62;25371195.67;48.22;3;False
499;UNIMED DE REGISTRO COOPERATIVA DE TRABALHO MÉDICO;NÃO_INFORMADO;154898692.71;51632897.57;51632897.57;22039899.51;42.69;3;False
500;MAIS SAÚDE PLANO DE SAÚDE LTDA;NÃO_INFORMADO;152732924.2;50910974.73;50910974.73;28538662.03;56.06;3;True
501;SOCIEDADE PORTUGUESA DE BENEFICÊNCIA;NÃO_INFORMADO;151874944.85;50624981.62;50624981.62;22278129.48;44.01;3;False
502;ASSOCIAÇÃO DOS AUDITORES FISCAIS DA RECEITA ESTADUAL DO RIO DE JANEIRO;NÃO_INFORMADO;147300408.86;49100136.29;49100136.29;20825970.86;42.42;3;False
503;UNIMED CACERES COOPERATIVA DE TRABALHO MÉDICO;NÃO_INFORMADO;146929042.9;48976347.63;48976347.63;17516666.69;35.77;3;False
504;UNIMED DE JATAÍ COOPERATIVA DE TRABALHO MÉDICO LTDA.;NÃO_INFORMADO;144055008.0;48018336.0;48018336.0;21882355.91;45.57;3;False
505;UNIMED PATOS - COOPERATIVA DE TRABALHO MÉDICO;NÃO_INFORMADO;139544377.38;46514792.46;46514792.46;22114237.87;47.54;3;False
506;SANTA CASA DE SAÚDE - SCS;NÃO_INFORMADO;138987484.52;46329161.51;46329161.51;21516265.31;46.44;3;False
507;AME VVIDA PLANOS DE SAUDE INTEGRADO LTDA.;NÃO_INFORMADO;137202526.25;45734175.42;45734175.42;24953050.87;54.56;3;True
508;UNIMED DE PENAPOLIS - COOPERATIVA DE TRABALHO MEDICO;NÃO_INFORMADO;136411014.53;45470338.18;45470338.18;24548773.16;53.99;3;True
509;CAIXA DE ASSISTÊNCIA DO SINDFISCO - CASSIND;NÃO_INFORMADO;136010281.26;45336760.42;45336760.42;24191105.33;53.36;3;True
510;SANTA CASA DE MISERICÓRDIA E BENEFICÊNCIA PORTUGUESA;NÃO_INFORMADO;131877166.61;43959055.54;43959055.54;25164903.75;57.25;3;True
511;HOSPITAL DE PRONTOCLINICA LTDA.;NÃO_INFORMADO;131137227.83;43712409.28;43712409.28;18349605.3;41.98;3;False
512;ASSOCIACAO POLICIAL DE ASSISTENCIA A SAUDE DE PRESIDENTE PRUDENTE (APAS);NÃO_INFORMADO;130112618.52;43370872.84;43370872.84;21369571.25;49.27;3;False
513;UNIMED SÃO JOÃO NEPOMUCENO COOPERATIVA DE TRABALHO MÉDICO LTDA.;NÃO_INFORMADO;126774713.61;42258237.87;42258237.87;20183505.07;47.76;3;False
514;UNIMED DO OESTE DA BAHIA COOPERATIVA DE TRABALHO MÉDICO;NÃO_INFORMADO;126756849.0;42252283.0;42252283.0;13307951.72;31.5;3;False
515;FUNASA SAÚDE;NÃO_INFORMADO;126617185.6;42205728.53;42205728.53;18937798.96;44.87;3;False
516;UNIMED VALE DO CARANGOLA COOPERATIVA DE TRABALHO MEDICO LTDA;NÃO_INFORMADO;126054387.82;42018129.27;42018129.27;20018209.9;47.64;3;False
517;UNIODONTO DE SC COOPERATIVA ADMINISTRADORA DE CONTRATOS;NÃO_INFORMADO;124272898.15;41424299.38;41424299.38;20200871.17;48.77;3;False
518;UNIODONTO REGIONAL COOPERATIVA ODONTOLOGICA;NÃO_INFORMADO;123242934.98;41080978.33;41080978.33;22421582.08;54.58;3;True
519;ON MED ASSISTÊNCIA MÉDICA LTDA;NÃO_INFORMADO;122386142.82;40795380.94;40795380.94;29509107.09;72.33;3;True
520;UNIMED DE CORUMBA COOPERATIVA DE TRABALHO MÉDICO;NÃO_INFORMADO;122358312.08;40786104.03;40786104.03;20665596.68;50.67;3;True
521;COOPERATIVA DOS USUÁRIOS DE SERVIÇOS DE SAÚDE DO VALE DO RIO DOS SINOS LTDA;NÃO_INFORMADO;122189302.96;40729767.65;40729767.65;18468922.47;45.35;3;False
522;UNIMED PONTE NOVA COOPERATIVA DE TRABALHO MEDICO LTDA;NÃO_INFORMADO;119103620.25;39701206.75;39701206.75;19553543.01;49.25;3;False
523;ATITUDE SAÚDE ASSISTÊNCIA MEDICA LTDA;NÃO_INFORMADO;118888986.8;39629662.27;39629662.27;22768638.26;57.45;3;True
524;UNIMED MACHADO COOPERATIVA DE TRABALHO MEDICO;NÃO_INFORMADO;118331068.32;39443689.44;39443689.44;19570193.02;49.62;3;False
525;ASSOCIAÇAO UNISAUDE MARAU;NÃO_INFORMADO;115063735.54;38354578.51;38354578.51;15318171.22;39.94;3;False
526;VIDA TOP MAIS SAÚDE OPERADORA DE PLANOS DE SAÚDE LTDA.;NÃO_INFORMADO;112548049.81;37516016.6;37516016.6;21788191.59;58.08;3;True
527;UNIODONTO GOIANIA COOPERATIVA DE CIRURGIÕES DENTISTAS;NÃO_INFORMADO;111561826.52;37187275.51;37187275.51;19847182.14;53.37;3;True
528;CARE PLUS ODONTOLOGIA ASSISTENCIAL LTDA.;NÃO_INFORMADO;110149461.03;36716487.01;36716487.01;32200559.93;87.7;3;True
529;UNIODONTO DE FORTALEZA COOPERATIVA DE TRABALHO ODONTOLOGICO LTDA;NÃO_INFORMADO;107925147.28;35975049.09;35975049.09;17657499.97;49.08;3;False
530;RIO DOCE SAÚDE;NÃO_INFORMADO;107353017.63;35784339.21;35784339.21;18797614.06;52.53;3;True
531;AURORA SAÚDE LTDA;NÃO_INFORMADO;106988008.06;35662669.35;35662669.35;22821792.96;63.99;3;True
532;UNIODONTO PORTO ALEGRE COOPERATIVA ODONTOLOGICA LTDA;NÃO_INFORMADO;98910124.92;32970041.64;32970041.64;19628528.27;59.53;3;True
533;UNIODONTO/RN - COOPERATIVA ODONTOLOGICA DO RIO GRANDE DO NORTE;NÃO_INFORMADO;97988347.3;32662782.43;32662782.43;15566432.34;47.66;3;False
534;UNIMED MORRINHOS COOPERATIVA DE TRABALHO MEDICO;NÃO_INFORMADO;97843065.1;32614355.03;32614355.03;17099230.0;52.43;3;True
535;VIVENTERIS LTDA;NÃO_INFORMADO;97280808.67;32426936.22;32426936.22;14841861.64;45.77;3;False
536;UNIMED INTRAFEDERATIVA FEDERAÇÃO REGIONAL SUL DE MINAS;NÃO_INFORMADO;96526679.75;32175559.92;32175559.92;15296365.64;47.54;3;False
537;ASSOCIAÇÃO POLICIAL DE ASSISTÊNCIA A SAÚDE;NÃO_INFORMADO;95262381.59;31754127.2;31754127.2;15004893.66;47.25;3;False
538;UNIDENTIS ASSISTENCIA ODONTOLOGICA LTDA.;NÃO_INFORMADO;94913024.87;31637674.96;31637674.96;14821230.81;46.85;3;False
539;SOCIEDADE DE ASSISTÊNCIA MÉDICA - SAMEISA;NÃO_INFORMADO;94600323.08;31533441.03;31533441.03;14940537.37;47.38;3;False
540;FUNDAÇÃO PLAMHUV - PLANO MÉDICO HOSPITALAR DOS HOSPITAIS UNIDOS DE VIÇOSA;NÃO_INFORMADO;92669793.74;30889931.25;30889931.25;14935909.04;48.35;3;False
541;UNIODONTO PIRACICABA - COOPERATIVA ODONTOLÓGICA;NÃO_INFORMADO;92424250.68;30808083.56;30808083.56;16202867.65;52.59;3;True
542;ASSOCIAÇÃO DO FISCO DE ALAGOAS;NÃO_INFORMADO;91131105.99;30377035.33;30377035.33;16886099.78;55.59;3;True
543;TOTAL ASSISTÊNCIA MÉDICA HOSPITALAR LTDA;NÃO_INFORMADO;88181618.44;29393872.81;29393872.81;16949607.36;57.66;3;True
544;UNIMED SOUSA - COOPERATIVA DE TRABALHO MÉDICO;NÃO_INFORMADO;87856958.98;29285652.99;29285652.99;11578471.59;39.54;3;False
545;NACIONAL ODONTO OPERADORA DE PLANOS ODONTOLÓGICOS LTDA.;NÃO_INFORMADO;87732525.8;29244175.27;29244175.27;12979210.23;44.38;3;False
546;CONFIANÇA ASSISTÊNCIA MÉDICO HOSPITALAR LTDA;NÃO_INFORMADO;87662106.82;29220702.27;29220702.27;10873335.95;37.21;3;False
547;SUL DO PARÁ LTDA;NÃO_INFORMADO;86217074.1;28739024.7;28739024.7;8185626.33;28.48;3;False
548;HOSPITAL CESAR LEITE;NÃO_INFORMADO;85178361.17;28392787.06;28392787.06;14229220.25;50.12;3;True
549;CAIXA DE ASSISTÊNCIA À SAÚDE DOS TRABALHADORES NAS INDÚSTRIAS METALÚRGICAS, MECÂNICAS E DO MATERIAL ELÉTRICO DE BRUSQUE;NÃO_INFORMADO;81898307.59;27299435.86;27299435.86;12757647.98;46.73;3;False
550;CAIXA ASSISTENCIAL UNIVERSITARIA DO RIO DE JANEIRO;NÃO_INFORMADO;80736783.39;26912261.13;26912261.13;11390673.67;42.33;3;False
551;ASSOCIAÇÃO BENEFICENTE CATÓLICA;NÃO_INFORMADO;80484865.02;26828288.34;26828288.34;11300717.91;42.12;3;False
552;MEDGOLD ASSISTENCIA MEDICA LTDA - ME;NÃO_INFORMADO;79954870.04;26651623.35;26651623.35;10830236.78;40.64;3;False
553;UNIMED CAMPO BELO- COOPERATIVA DE TRABALHO MÉDICO;NÃO_INFORMADO;79428224.13;26476074.71;26476074.71;11173400.05;42.2;3;False
554;OPLAN SAÚDE OPERADORA DE PLANO DE SAÚDE LTDA;NÃO_INFORMADO;79406651.45;26468883.82;26468883.82;13697037.47;51.75;3;True
555;UNIODONTO DO BRASIL CENTRAL NACIONAL DAS COOPERATIVAS ODONTÓLOGICAS;NÃO_INFORMADO;75319270.47;25106423.49;25106423.49;14206441.37;56.58;3;True
556;UNIMED REGIONAL DE PICOS - COOPERATIVA DE TRABALHO MÉDICO;NÃO_INFORMADO;74689519.23;24896506.41;24896506.41;19621818.48;78.81;3;True
557;SISTEMA TOTAL DE SAÚDE LTDA.;NÃO_INFORMADO;74583383.29;24861127.76;24861127.76;10532593.72;42.37;3;False
558;UNIODONTO DE MANAUS - COOPERATIVA ODONTOLÓGICA LTDA.;NÃO_INFORMADO;72984780.25;24328260.08;24328260.08;11771431.36;48.39;3;False
559;ASSOCIAÇÃO POLICIAL DE ASSISTENCIA À SAUDE DE SAO JOAO DA BOA VISTA;NÃO_INFORMADO;72742248.47;24247416.16;24247416.16;11445521.01;47.2;3;False
560;R.M.I. OPERADORA DE SAÚDE INTEGRADA LTDA;NÃO_INFORMADO;71754099.72;35877049.86;35877049.86;9969980.98;27.79;2;False
561;HOSPITAL S.P. LTDA.;NÃO_INFORMADO;71597274.35;23865758.12;23865758.12;10133441.25;42.46;3;False
562;SEPACO SAÚDE LTDA;NÃO_INFORMADO;71364319.87;23788106.62;23788106.62;5757299.12;24.2;3;False
563;ODONTO EMPRESAS CONVENIOS DENTARIOS LTDA.;NÃO_INFORMADO;71242071.84;23747357.28;23747357.28;11118116.13;46.82;3;False
564;AME-ASSISTÊNCIA MÉDICA A EMPRESAS LTDA;NÃO_INFORMADO;71175201.15;23725067.05;23725067.05;9799629.81;41.3;3;False
565;ANGELI SISTEMAS DE SAUDE S.A.;NÃO_INFORMADO;70213689.42;23404563.14;23404563.14;11551323.88;49.36;3;False
566;PLANO ASSISTENCIAL SÃO LUCAS LTDA;NÃO_INFORMADO;68872528.92;22957509.64;22957509.64;8036359.81;35.01;3;False
567;PRONTO SOCORRO CONDE DE MOREIRA LIMA;NÃO_INFORMADO;68327761.53;22775920.51;22775920.51;10439036.64;45.83;3;False
568;UNIODONTO DE JOÃO PESSOA COOPERATIVA ODONTOLÓGICA;NÃO_INFORMADO;67472809.21;22490936.4;22490936.4;9345840.47;41.55;3;False
569;PLAMESC PLANOS DE SAÚDE LTDA;NÃO_INFORMADO;65451442.95;21817147.65;21817147.65;9589701.32;43.95;3;False
570;ASSOCIACAO POLICIAL DE ASSISTENCIA A SAUDE DE ITAPETININGA;NÃO_INFORMADO;64689400.15;21563133.38;21563133.38;8811598.9;40.86;3;False
571;UNIODONTO MACEIÓ COOPERATIVA ODONTOLÓGICA;NÃO_INFORMADO;64200020.09;21400006.7;21400006.7;10474010.95;48.94;3;False
572;PORTOMED - PORTO SEGURO SERVIÇOS DE SAUDE LTDA;NÃO_INFORMADO;62632015.08;20877338.36;20877338.36;20116387.66;96.36;3;True
573;MEDIC GLOBAL PLANOS DE SAÚDE LTDA.;NÃO_INFORMADO;61823928.83;20607976.28;20607976.28;10581007.37;51.34;3;True
574;SANTA CASA DE MISERICÓRDIA DE TUPÃ;NÃO_INFORMADO;60969876.96;20323292.32;20323292.32;8223466.92;40.46;3;False
575;ASSOCIAÇÃO DOS FUNCIONÁRIOS FISCAIS DO ESTADO DO AMAZONAS - AFFEAM;NÃO_INFORMADO;60435606.47;20145202.16;20145202.16;12240646.12;60.76;3;True
576;ODONTOGROUP SISTEMA DE SAÚDE LTDA.;NÃO_INFORMADO;60314794.02;20104931.34;20104931.34;10632390.89;52.88;3;True
577;ASSOCIACAO DE SAUDE HOLAMBRA;NÃO_INFORMADO;60233872.53;20077957.51;20077957.51;10762206.67;53.6;3;True
578;UNIMED DE BATATAIS - COOPERATIVA DE TRABALHO MÉDICO;NÃO_INFORMADO;60134432.86;20044810.95;20044810.95;8697307.67;43.39;3;False
579;UNIODONTO DE AMERICANA COOPERATIVA ODONTOLÓGICA;NÃO_INFORMADO;59163033.67;19721011.22;19721011.22;10122058.19;51.33;3;True
580;ASSOCIAÇÃO UNIVIDA SANTA RITA DO PASSA QUATRO;NÃO_INFORMADO;58294770.78;19431590.26;19431590.26;8463635.7;43.56;3;False
581;UNIMED VALE DO URUCUIA - COOPERATIVA DE TRABALHO MEDICO LTDA;NÃO_INFORMADO;58260008.28;19420002.76;19420002.76;8951346.33;46.09;3;False
582;ASSOCIACAO CIVIL PRÓ-SAÚDE DOS SERVIDORES DA UNIVERSIDADE ESTADUAL DE PONTA GROSSA;NÃO_INFORMADO;58049775.26;19349925.09;19349925.09;9520540.24;49.2;3;False
583;UNIODONTO PAULISTA-FEDERAÇÃO DAS COOPERATIVAS ODONTOLÓGICAS DO ESTADO DE SÃO PAULO;NÃO_INFORMADO;58046437.61;19348812.54;19348812.54;13541897.37;69.99;3;True
584;PRIMA VIDA ODONTOLOGIA DE GRUPO LIMITADA;NÃO_INFORMADO;56296908.77;18765636.26;18765636.26;10815796.43;57.64;3;True
585;VOCÊ TOTAL PLANOS DE SAÚDE LIMITADA;NÃO_INFORMADO;56154762.13;18718254.04;18718254.04;15610043.77;83.39;3;True
586;CAIXA BENEFICENTE DOS FUNCIONÁRIOS DO GRUPO IGUAÇU;NÃO_INFORMADO;55052387.99;18350796.0;18350796.0;7766732.94;42.32;3;False
587;CEDPLAN SAÚDE LTDA EPP;NÃO_INFORMADO;54175953.37;18058651.12;18058651.12;7534493.07;41.72;3;False
588;UNIMED CAJAZEIRAS - SOCIEDADE COOPERATIVA DE TRABALHO MÉDICO;NÃO_INFORMADO;53658760.91;17886253.64;17886253.64;8977231.4;50.19;3;True
589;NOSAMED ASSISTÊNCIA MÉDICA LTDA.;NÃO_INFORMADO;51123759.45;17041253.15;17041253.15;7989751.45;46.88;3;False
590;S1 OPERADORA DE PLANO DE SAÚDE LTDA;NÃO_INFORMADO;50575715.54;16858571.85;16858571.85;8408857.84;49.88;3;False
591;UNIODONTO UBERABA - COOPERATIVA DE ASSISTÊNCIA À SAÚDE ODONTOLÓGICA LTDA;NÃO_INFORMADO;47866796.89;15955598.96;15955598.96;9876601.27;61.9;3;True
592;COMSEDER - COOPERATIVA DE ASSISTÊNCIA MÉDICA DOS SERVIDORES DA SUPLAN E DO DER LTDA;NÃO_INFORMADO;47028056.56;15676018.85;15676018.85;6401381.2;40.84;3;False
593;ORALE ASSISTÊNCIA ODONTOLÓGICA LTDA;NÃO_INFORMADO;46993917.28;15664639.09;15664639.09;6652509.56;42.47;3;False
594;FUNDO DE ASSISTÊNCIA MÉDICO-HOSPITALAR DO MINISTÉRIO PÚBLICO;NÃO_INFORMADO;44090694.3;14696898.1;14696898.1;9157134.85;62.31;3;True
595;ASSOCIAÇÃO POLICIAL DE ASSISTÊNCIA À SAÚDE - VALE DO RIBEIRA;NÃO_INFORMADO;43517805.74;14505935.25;14505935.25;4102120.1;28.28;3;False
596;SERVDONTO - PLANO DE ASSISTÊNCIA ODONTOLÓGICA LTDA;NÃO_INFORMADO;42279202.03;14093067.34;14093067.34;6909264.59;49.03;3;False
597;CEAM BRASIL - PLANOS DE SAÚDE LTDA;NÃO_INFORMADO;41945856.58;41945856.58;41945856.58;0.0;0.0;1;False
598;UNIODONTO VALE HISTORICO COOPERATIVA ODONTOLOGICA;NÃO_INFORMADO;41122653.77;13707551.26;13707551.26;7334638.1;53.51;3;True
599;SEMPRE ODONTO PLANOS ODONTOLOGICOS LTDA;NÃO_INFORMADO;40538801.4;13512933.8;13512933.8;6432821.13;47.6;3;False
600;ASSOCIAÇÃO POLICIAL DE ASSISTÊNCIA À SAÚDE DE PRESIDENTE VENCESLAU;NÃO_INFORMADO;39319916.06;13106638.69;13106638.69;5830722.13;44.49;3;False
601;PERSONAL CARE OPERADORA DE SAÚDE SA;NÃO_INFORMADO;39248742.92;19624371.46;19624371.46;6064911.83;30.9;2;False
602;ASSOCIAÇÃO POLICIAL DE ASSISTÊNCIA À SAÚDE DE DRACENA;NÃO_INFORMADO;39140605.19;13046868.4;13046868.4;6605221.45;50.63;3;True
603;DONA SAÚDE CLINICAS LTDA;NÃO_INFORMADO;39125852.53;13041950.84;13041950.84;4935933.25;37.85;3;False
604;UNIODONTO DE JUNDIAÍ COOPERATIVA ODONTOLÓGICA;NÃO_INFORMADO;39017339.1;13005779.7;13005779.7;6358201.85;48.89;3;False
605;UNIODONTO DE ARARAQUARA COOPERATIVA ODONTOLÓGICA;NÃO_INFORMADO;38061098.89;12687032.96;12687032.96;8360518.54;65.9;3;True
606;SAMIG - SERV. DE ASSISTENCIA MEDICA DA ILHA DO GOVERNADOR LTDA;NÃO_INFORMADO;37895030.73;12631676.91;12631676.91;2846304.2;22.53;3;False
607;ASSOCIAÇÃO DOS SERVIDORES PÚBLICOS DA ADMINISTRAÇÃO DIRETA DO GOVERNO DO ESTADO DO PARÁ - ASPARÁ;NÃO_INFORMADO;36346030.6;12115343.53;12115343.53;7022491.8;57.96;3;True
608;PLANO DE ASSISTÊNCIA MÉDICA MINEIRA LTDA;NÃO_INFORMADO;35506781.43;11835593.81;11835593.81;5932722.8;50.13;3;True
609;ASSOCIAÇÃO HOSPITAL SAÚDE DE VARGEM GRANDE DO SUL;NÃO_INFORMADO;35455455.72;11818485.24;11818485.24;5348781.4;45.26;3;False
610;COOPERATIVA ODONTOLÓGICA POÇOS DE CALDAS;NÃO_INFORMADO;35302509.69;11767503.23;11767503.23;5540199.91;47.08;3;False
611;ASSOCIAÇÃO POLICIAL DE ASSISTÊNCIA À SAÚDE DE BARRETOS;NÃO_INFORMADO;35233801.33;11744600.44;11744600.44;5162085.17;43.95;3;False
612;UNIODONTO DE SOROCABA COOPERATIVA ODONTOLÓGICA;NÃO_INFORMADO;34519866.53;11506622.18;11506622.18;6093787.15;52.96;3;True
613;PRESERVE SAUDE ASSISTENCIA MEDICA LTDA;NÃO_INFORMADO;33998012.73;11332670.91;11332670.91;5153818.28;45.48;3;False
614;ASSOCIAÇÃO POLICIAL DE ASSISTÊNCIA À SAÚDE DE JAÚ;NÃO_INFORMADO;32916969.96;10972323.32;10972323.32;3792438.93;34.56;3;False
615;ASSOCIAÇÃO SAÚDE RURAL ALEGRETE;NÃO_INFORMADO;32455136.62;10818378.87;10818378.87;6353565.63;58.73;3;True
616;CAIXA DE ASSISTÊNCIA DOS EMPREGADOS DO SETOR PÚBLICO DO ESTADO DE GOIÁS - CAEME;NÃO_INFORMADO;32364749.36;10788249.79;10788249.79;5301860.57;49.14;3;False
617;ASSOCIACAO DOS SERVIDORES DA EMDAGRO - ASSEM;NÃO_INFORMADO;31138394.47;10379464.82;10379464.82;4737124.52;45.64;3;False
618;UNIODONTO DE LONDRINA COOP. ODONTOLÓGICA;NÃO_INFORMADO;30224803.03;10074934.34;10074934.34;5052958.3;50.15;3;True
619;ASSOCIAÇÃO POLICIAL DE ASSISTENCIA A SAUDE DE BOTUCATU;NÃO_INFORMADO;29935068.93;9978356.31;9978356.31;6425338.54;64.39;3;True
620;UNIODONTO DO SUL GOIANO COOPERATIVA ODONTOLOGICA;NÃO_INFORMADO;28826548.55;9608849.52;9608849.52;5292459.66;55.08;3;True
621;SANTA CASA DE MISERICÓRDIA E ASILO DOS POBRES DE BATATAIS;NÃO_INFORMADO;28598827.29;9532942.43;9532942.43;3600509.21;37.77;3;False
622;UNIODONTO JACAREÍ COOPERATIVA ODONTOLÓGICA;NÃO_INFORMADO;27971855.48;9323951.83;9323951.83;4757143.27;51.02;3;True
623;DENTALPAR ASSISTÊNCIA ODONTOLÓGICA EMPRESARIAL LTDA.;NÃO_INFORMADO;27801604.28;9267201.43;9267201.43;4257288.04;45.94;3;False
624;ODONTOART PLANOS ODONTOLÓGICOS LTDA;NÃO_INFORMADO;27651432.24;9217144.08;9217144.08;4628736.87;50.22;3;True
625;CAMIM OPERADORA DE PLANO DE SAÚDE LTDA;NÃO_INFORMADO;27492494.34;9164164.78;9164164.78;2190360.83;23.9;3;False
626;HSMED SAUDE LTDA;NÃO_INFORMADO;27029822.62;9009940.87;9009940.87;4200115.91;46.62;3;False
627;UNIODONTO ESPIRITO SANTO COOPERATIVA ODONTOLOGICA;NÃO_INFORMADO;26853382.56;8951127.52;8951127.52;4478459.77;50.03;3;True
628;UNIODONTO MARINGA COOPERATIVA ODONTOLOGICA;NÃO_INFORMADO;26642662.86;8880887.62;8880887.62;4457096.7;50.19;3;True
629;UNIODONTO DE PRESIDENTE PRUDENTE COOPERATIVA ODONTOLOGICA;NÃO_INFORMADO;26196028.34;8732009.45;8732009.45;3958698.71;45.34;3;False
630;BENEFICENCIA SOCIAL BOM SAMARITANO;NÃO_INFORMADO;25936028.27;8645342.76;8645342.76;4748209.94;54.92;3;True
631;ODONT-OPERADORA ODONTOLOGICA LTDA;NÃO_INFORMADO;25802430.7;8600810.23;8600810.23;3581480.87;41.64;3;False
632;PLANO VIDA SAUDE SERVIÇOS ODONTOLOGICOS LTDA;NÃO_INFORMADO;25800673.11;8600224.37;8600224.37;4437363.44;51.6;3;True
633;MH VIDA - OPERADORA DE PLANOS DE SAÚDE LTDA;NÃO_INFORMADO;25755522.79;8585174.26;8585174.26;5082739.48;59.2;3;True
634;ÔNIX OPERADORA DE PLANOS DE SAÚDE LTDA;NÃO_INFORMADO;24479703.71;8159901.24;8159901.24;3131337.0;38.37;3;False
635;PLENUM ASSISTENCIA MEDICA  LTDA;NÃO_INFORMADO;24255694.49;12127847.25;12127847.25;5338297.56;44.02;2;False
636;DENTAL CENTER LTDA;NÃO_INFORMADO;23043184.96;7681061.65;7681061.65;3608478.01;46.98;3;False
637;ASSOCIAÇÃO POLICIAL DE ASSISTÊNCIA À SAÚDE APAS;NÃO_INFORMADO;22354200.13;7451400.04;7451400.04;1991292.61;26.72;3;False
638;CARING SAÚDE ASSISTÊNCIA MÉDICA LTDA.;NÃO_INFORMADO;22002296.4;7334098.8;7334098.8;3541816.51;48.29;3;False
639;COOPERATIVA ODONTOLÓGICA DO ESTADO DO AMAPÁ;NÃO_INFORMADO;21897139.91;7299046.64;7299046.64;3727845.08;51.07;3;True
640;FUNDO DE ASSISTÊNCIA À SAÚDE DOS FUNCIONÁRIOS DO BEC;NÃO_INFORMADO;21671552.41;7223850.8;7223850.8;2599043.89;35.98;3;False
641;AESP ODONTO ASSISTÊNCIA ODONTOLÓGICA S/S LTDA EPP;NÃO_INFORMADO;21382740.59;7127580.2;7127580.2;4155290.3;58.3;3;True
642;RODRIGUES LEIRA ODONTOLOGIA LTDA.;NÃO_INFORMADO;21107866.09;7035955.36;7035955.36;3709087.4;52.72;3;True
643;UNIMED VALE DO PARAÍBA - FEDERAÇÃO INTRAFEDERATIVA DAS COOPERATIVAS MÉDICAS;NÃO_INFORMADO;21069637.89;7023212.63;7023212.63;2403743.56;34.23;3;False
644;PORTO DIAS SAUDE LTDA.;NÃO_INFORMADO;21005207.0;7001735.67;7001735.67;3187413.32;45.52;3;False
645;VALE PLANOS DE SAÚDE LTDA;NÃO_INFORMADO;20095922.72;6698640.91;6698640.91;6422902.67;95.88;3;True
646;UNIODONTO DE SERTAOZINHO SP COOPERATIVA ODONTOLOGICA;NÃO_INFORMADO;19940884.62;9970442.31;9970442.31;3084217.69;30.93;2;False
647;DENTAL PLUS CONVÊNIO ODONTOLÓGICO LTDA.;NÃO_INFORMADO;19769336.76;6589778.92;6589778.92;2969953.4;45.07;3;False
648;UNIODONTO DE PINDAMONHANGABA COOP ODONTOLOGICA;NÃO_INFORMADO;19045824.43;6348608.14;6348608.14;2792409.67;43.98;3;False
649;ASSOC DE ASSIST À SAÚDE DOS SERV DAS UNIV E INST FED, EST E/OU FAC PART EM PE;NÃO_INFORMADO;18946038.4;6315346.13;6315346.13;3329803.86;52.73;3;True
650;SD-M OPERADORA DE PLANOS DE SAUDE LTDA;NÃO_INFORMADO;18343019.2;6114339.73;6114339.73;2553683.65;41.77;3;False
651;COOPERATIVA DE TRABALHO ODONTOLOGICO - UNIODONTO ITAJUBÁ;NÃO_INFORMADO;17824595.19;5941531.73;5941531.73;3319818.32;55.87;3;True
652;DENTAL GOLD ASSISTÊNCIA ODONTOLÓGICA LTDA.;NÃO_INFORMADO;16858326.53;5619442.18;5619442.18;2613780.34;46.51;3;False
653;ODONTOLIVE OPERADORA DE PLANOS ODONTOLÓGICOS LTDA.;NÃO_INFORMADO;16564951.37;5521650.46;5521650.46;3083226.49;55.84;3;True
654;SALUSMED OPERADORA DE PLANOS DE SAUDE LTDA;NÃO_INFORMADO;16095146.42;5365048.81;5365048.81;3591176.09;66.94;3;True
655;ASSOCIAÇÃO PADRE PIO PLANOS DE SAÚDE;NÃO_INFORMADO;15621506.93;5207168.98;5207168.98;2117442.89;40.66;3;False
656;YOU ASSISTÊNCIA MÉDICA LTDA.;NÃO_INFORMADO;15041245.57;15041245.57;15041245.57;0.0;0.0;1;False
657;UNIODONTO RS FEDERACAO DAS UNIODONTOS DO RGS LTDA;NÃO_INFORMADO;14825391.43;4941797.14;4941797.14;2154459.27;43.6;3;False
658;CENTRO DE ENDOCRINOLOGIA DE JUNDIAÍ S/S LTDA;NÃO_INFORMADO;13830073.95;4610024.65;4610024.65;1912239.33;41.48;3;False
659;PREVENT SENIOR CORPORATE OPERADORA DE SAÚDE LTDA.;NÃO_INFORMADO;13460967.66;4486989.22;4486989.22;1742466.94;38.83;3;False
660;TELOS - FUNDAÇÃO EMBRATEL DE SEGURIDADE SOCIAL;NÃO_INFORMADO;13385124.92;4461708.31;4461708.31;2536227.57;56.84;3;True
661;CAIXA SEGURADORA ESPECIALIZADA EM SAÚDE S/A;NÃO_INFORMADO;13048634.88;4349544.96;4349544.96;722994.11;16.62;3;False
662;ASSOCIAÇÃO DOS FISCAIS DE TRIBUTOS ESTADUAIS DO RS - AFISVEC;NÃO_INFORMADO;13023907.44;4341302.48;4341302.48;2647299.72;60.98;3;True
663;PD BRASIL ASSISTENCIA ODONTOLOGICA LTDA;NÃO_INFORMADO;12584131.24;4194710.41;4194710.41;2002089.97;47.73;3;False
664;DENTAL MASTER LTDA - EPP;NÃO_INFORMADO;12475857.78;4158619.26;4158619.26;2043914.89;49.15;3;False
665;SANTA CASA DA MISERICÓRDIA DE SÃO JOÃO DEL REI;NÃO_INFORMADO;11968010.0;3989336.67;3989336.67;935659.26;23.45;3;False
666;HEALTH-MED SISTEMA DE SAUDE LTDA;NÃO_INFORMADO;11745134.72;3915044.91;3915044.91;2537690.23;64.82;3;True
667;BLUZZ SAÚDE S/A;NÃO_INFORMADO;11371994.46;3790664.82;3790664.82;3284432.19;86.65;3;True
668;MEDHEALTH PLANOS DE SAÚDE LTDA;NÃO_INFORMADO;10337900.61;3445966.87;3445966.87;878117.09;25.48;3;False
669;UNIODONTO DE MATO GROSSO COOP TRAB ODONTOLOGICO LTDA;NÃO_INFORMADO;9949674.2;3316558.07;3316558.07;1533383.96;46.23;3;False
670;ODONTO SEG OPERADORA DE PLANOS ODONTOLOGICOS S.A.;NÃO_INFORMADO;8815150.49;2938383.5;2938383.5;1201162.8;40.88;3;False
671;ASSOCIAÇÃO SERVIÇOS ODONTOLÓGICOS DA INDÚSTRIA DE MINAS GERAIS - ODONTOINDUSTRIA;NÃO_INFORMADO;8800950.3;2933650.1;2933650.1;1715206.15;58.47;3;True
672;PLANO DE ASSISTÊNCIA ODONTOLÓGICA FAUCHARD LTDA. ME;NÃO_INFORMADO;7847426.38;2615808.79;2615808.79;1407335.38;53.8;3;True
673;QUALIDONTO - QUALIDADE EM ODONTOLOGIA LTDA;NÃO_INFORMADO;7305636.45;2435212.15;2435212.15;1444015.64;59.3;3;True
674;UNIMED ALTO PARANAIBA COOPERATIVA DE TRABALHO MEDICO;NÃO_INFORMADO;6324629.31;2108209.77;2108209.77;787697.25;37.36;3;False
675;SORRIDEN CONVÊNIOS ODONTOLÓGICOS S.A.;NÃO_INFORMADO;6310764.63;2103588.21;2103588.21;816029.73;38.79;3;False
676;INFINITY SAÚDE SUPLEMENTAR LTDA;NÃO_INFORMADO;6208508.1;2069502.7;2069502.7;1696675.55;81.98;3;True
677;NOVODENTE S/A;NÃO_INFORMADO;5867163.97;5867163.97;5867163.97;0.0;0.0;1;False
678;HOSPITAL DE CARIDADE SÃO VICENTE DE PAULO;NÃO_INFORMADO;5689104.14;1896368.05;1896368.05;89291.09;4.71;3;False
679;SAME-SERVIÇO DE ASSISTÊNCIA MÉDICA EMPRESARIAL LTDA.;NÃO_INFORMADO;5678211.53;1892737.18;1892737.18;641310.81;33.88;3;False
680;CROWN ODONTOLOGIA DE GRUPO LTDA;NÃO_INFORMADO;5637432.17;1879144.06;1879144.06;1028258.61;54.72;3;True
681;SISTEMA PREVSAUDE DENTAL LTDA;NÃO_INFORMADO;5513326.05;1837775.35;1837775.35;1091535.71;59.39;3;True
682;INNOVA PLANO DE SAUDE LTDA;NÃO_INFORMADO;4295180.1;2147590.05;2147590.05;1881670.8;87.62;2;True
683;G & M ASSESSORIA MEDICA EMPRESARIAL LTDA;NÃO_INFORMADO;4270440.48;1423480.16;1423480.16;578957.98;40.67;3;False
684;UNIVIDA USA OPERADORA EM SAUDE S/A;NÃO_INFORMADO;4203013.37;1401004.46;1401004.46;555191.67;39.63;3;False
685;CASA DE SAÚDE NOSSA SENHORA DE FÁTIMA  LTDA.;NÃO_INFORMADO;4060407.39;1353469.13;1353469.13;657575.69;48.58;3;False
686;PLAMEDH - PLANO DE ASSISTÊNCIA MÉDICO-HOSPITALAR LTDA;NÃO_INFORMADO;4047777.38;2023888.69;2023888.69;332390.79;16.42;2;False
687;ODILE SERVIÇOS DE SAÚDE LTDA.;NÃO_INFORMADO;3979314.32;1326438.11;1326438.11;535944.14;40.4;3;False
688;QUALICORP ADMINISTRADORA DE BENEFÍCIOS S.A.;NÃO_INFORMADO;3879567.41;1939783.7;1939783.7;2649582.57;136.59;2;True
689;EXCELÊNCIA PLANO DE SAÚDE S/A;NÃO_INFORMADO;3816935.69;1272311.9;1272311.9;2060809.68;161.97;3;True
690;ZURICH SANTANDER BRASIL ODONTO LTDA.;NÃO_INFORMADO;3349209.32;1116403.11;1116403.11;301490.01;27.01;3;False
691;POLIMÉDICA SAÚDE SOCIEDADE SIMPLES LTDA;NÃO_INFORMADO;3325391.61;1108463.87;1108463.87;369794.39;33.36;3;False
692;ALMA ODONTO OPERADORA DE PLANOS ODONTOLOGICOS LTDA;NÃO_INFORMADO;3178919.98;1059639.99;1059639.99;284153.46;26.82;3;False
693;SMART CARE SISTEMAS MÉDICOS E ODONTOLÓGICOS LTDA.;NÃO_INFORMADO;3151985.9;1575992.95;1575992.95;90.09;0.01;2;False
694;BEMSTAR ASSISTENCIA MEDICA LTDA;NÃO_INFORMADO;3082574.52;1027524.84;1027524.84;317216.98;30.87;3;False
695;BRASIL ODONTO OPERADORA DE PLANOS ODONTOLÓGICOS LTDA;NÃO_INFORMADO;2656594.31;885531.44;885531.44;363851.5;41.09;3;False
696;INTERCLINICAS PLANO VIDA USA OPERADORA DE SAUDE LTDA;NÃO_INFORMADO;2523610.03;841203.34;841203.34;426687.42;50.72;3;True
697;SAUDIA ASSISTENCIA MÉDICA LTDA;NÃO_INFORMADO;2254677.67;751559.22;751559.22;700998.74;93.27;3;True
698;BIORAL SISTEMA ODONTOLÓGICO LTDA.;NÃO_INFORMADO;2116787.25;705595.75;705595.75;19760.08;2.8;3;False
699;PLANO SIGMA SAÚDE LTDA;NÃO_INFORMADO;1905947.71;952973.85;952973.85;32141.76;3.37;2;False
700;ODONTO PRIME S/S LTDA;NÃO_INFORMADO;1106001.4;368667.13;368667.13;143139.12;38.83;3;False
701;UNIMED FEDERAÇAO DO ESTADO DO MATO GROSSO;NÃO_INFORMADO;878946.69;292982.23;292982.23;17507.95;5.98;3;False
702;CLÍNICA SÃO GABRIEL S/S LTDA;NÃO_INFORMADO;757945.85;252648.62;252648.62;150098.47;59.41;3;True
703;ASSISTÊNCIA MÉDICA 12 DE OUTUBRO LTDA;NÃO_INFORMADO;720685.41;240228.47;240228.47;141523.95;58.91;3;True
704;LIVRI OPERADORA DE PLANO DE SAÚDE LTDA;NÃO_INFORMADO;699976.33;233325.44;233325.44;88617.32;37.98;3;False
705;PLURAL GESTÃO EM PLANOS DE SAÚDE LTDA;NÃO_INFORMADO;478569.42;159523.14;159523.14;147858.55;92.69;3;True
706;SAGRADA SAÚDE ASSISTÊNCIA MÉDICA LTDA;NÃO_INFORMADO;428911.6;142970.53;142970.53;129521.7;90.59;3;True
707;UNIMED PARAIBA - FEDERAÇAO DAS SOCIEDADES COOPERATIVAS DE TRABALHO MEDICO;NÃO_INFORMADO;250121.87;83373.96;83373.96;8517.78;10.22;3;False
708;EVO SAUDE ASSISTENCIA MEDICA LTDA;NÃO_INFORMADO;197419.88;65806.63;65806.63;97251.47;147.78;3;True
709;SAUDE SALV ASSISTENCIA MEDICA LTDA;NÃO_INFORMADO;81157.64;81157.64;81157.64;0.0;0.0;1;False
710;SOCIODONTO PLANO DE ASSISTÊNCIA ODONTOLÓGICA LTDA;NÃO_INFORMADO;67883.23;33941.61;33941.61;33450.95;98.55;2;True
711;VITTA SAUDE ADMINISTRADORA DE BENEFICIOS LTDA.;NÃO_INFORMADO;53132.41;17710.8;17710.8;15496.05;87.49;3;True
712;CENTRAL OPERADORA DE PLANOS DE SAÚDE NORTE-NORDESTE LTDA;NÃO_INFORMADO;14344.38;4781.46;4781.46;0.0;0.0;3;False
713;ARL ADMINISTRADORA DE BENEFÍCIOS LTDA.;NÃO_INFORMADO;5680.0;1893.33;1893.33;1639.67;86.6;3;True
714;MAXIMED PLANOS DE SAUDE LTDA;NÃO_INFORMADO;1.0;1.0;1.0;0.0;0.0;1;False
715;UP HEALTH ADMINISTRADORA DE BENEFÍCIOS S/A;NÃO_INFORMADO;0.0;0.0;0.0;0.0;;1;False
716;AFFIX ADMINISTRADORA DE BENEFÍCIOS LTDA;NÃO_INFORMADO;0.0;0.0;0.0;0.0;;3;False
717;A.P.S. ADMINISTRADORA DE BENEFÍCOS LTDA.;NÃO_INFORMADO;0.0;0.0;0.0;0.0;;1;False
718;ELITE SAUDE SERVICOS MEDICOS LTDA.;NÃO_INFORMADO;0.0;0.0;0.0;0.0;;2;False
719;ATIMED ASSISTENCIA MEDICA LTDA;NÃO_INFORMADO;0.0;0.0;0.0;0.0;;1;False
720;TOTAL SAUDE  ADMINISTRADORA DE BENEFICIOS EIRELI;NÃO_INFORMADO;0.0;0.0;0.0;0.0;;3;False
721;UNIC ASSISTENCIA MEDICA LTDA;NÃO_INFORMADO;0.0;0.0;0.0;0.0;;1;False
722;UNICONSULT - ADMINISTRADORA DE BENEFICIOS E SERVICOS LTDA;NÃO_INFORMADO;0.0;0.0;0.0;0.0;;1;False
723;HEALTH ADMINISTRADORA DE BENEFICIOS LTDA;NÃO_INFORMADO;0.0;0.0;0.0;0.0;;1;False
724;BIT LIFE BENEFÍCIOS LTDA;NÃO_INFORMADO;0.0;0.0;0.0;0.0;;3;False
725;ESPLENDOR ADMINISTRADORA DE BENEFÍCIOS LTDA.;NÃO_INFORMADO;0.0;0.0;0.0;0.0;;3;False
726;BCI ADMINISTRADORA DE BENEFÍCIOS LTDA.;NÃO_INFORMADO;0.0;0.0;0.0;0.0;;3;False
727;NEXO - ADMINISTRADORA DE BENEFICIOS LTDA;NÃO_INFORMADO;0.0;0.0;0.0;0.0;;3;False
728;SALUPLAN ADMINISTRADORA DE BENEFÍCIOS LTDA;NÃO_INFORMADO;0.0;0.0;0.0;0.0;;3;False
729;QV BENEFÍCIOS EM SAÚDE LTDA;NÃO_INFORMADO;0.0;0.0;0.0;0.0;;3;False
730;HOSPITAL MATERNIDADE SÃO VICENTE DE PAULO;NÃO_INFORMADO;0.0;0.0;0.0;0.0;;3;False
731;SAUDE VIVA ADMINISTRADORA DE BENEFICIOS LTDA;NÃO_INFORMADO;0.0;0.0;0.0;0.0;;3;False
732;BENEVIX ADMINISTRADORA DE BENEFÍCIOS LTDA;NÃO_INFORMADO;0.0;0.0;0.0;0.0;;3;False
733;AMPLITUDE PLANOS DE SAUDE LTDA;NÃO_INFORMADO;0.0;0.0;0.0;0.0;;3;False
734;PRO-SAUDE JARINU ASSISTENCIA MEDICA SUPLEMENTAR LTDA.;NÃO_INFORMADO;0.0;0.0;0.0;0.0;;3;False
